:020000040800F2
:1000000098200020BD02000875600008DF0300088A
:1000100071600008890E00087D7100080000000072
:10002000000000000000000000000000CF020008F7
:100030000D120008000000002B030008996400085E
:10004000D7020008D7020008D7020008D70200082C
:10005000D7020008D7020008D7020008D70200081C
:10006000D7020008D7020008D7020008D70200080C
:10007000D7020008D7020008F5110008D7020008CF
:10008000D702000800000000790B0008D702000822
:10009000D7020008D7020008D7020008D7020008DC
:1000A000D70200085D650008D7020008D7020008E3
:1000B000D7020008D702000869650008D7020008C7
:1000C000D7020008D7020008D7020008D7020008AC
:1000D000D702000871710008D7020008D702000893
:1000E000D7020008D7020008D7020008D70200088C
:1000F000D7020008D7020008D7020008000000005D
:1001000000000000D702000800000000D70200082D
:10011000D702000800000000D7020008D70200083C
:10012000D7020008D7020008D7020008D70200084B
:10013000D70200080000000000000000D7020008FD
:10014000D7020008D70200080000000000000000ED
:10015000000000000000000000000000000000009F
:10016000000000000000000000000000D7020008AE
:10017000D70200080000000000000000000000009E
:1001800000000000D702000800000000000000008E
:10019000000000000000000000000000000000005F
:1001A0000000000000000000D7020008D70200088D
:1001B000D7020008D7020008D7020008000000009C
:1001C0000000000001120008000000000000000014
:1001D000D7020008D702000800F002F800F05EF82D
:1001E00014A696E8000CB244B344DA4501D100F0FD
:1001F00055F8BAE80F000FA696E83000A5EB040505
:1002000004EB0607AAEB0704A7F101074FEA15154F
:100210004FEA3414A4F10104AC4201D300F03EF8DB
:1002200013F0010F18BFFB1A43F0010300F001F8AF
:10023000DBE7184790B10000B0B10000103A24BFCE
:1002400078C878C1FAD8520724BF30C830C144BF3B
:1002500004680C6070470000704700000023002411
:1002600000250026103A28BF78C1FBD8520728BFC6
:1002700030C148BF0B607047642900F0BB8178290A
:1002800000F0F481002070471FB50AF066FF9DE87A
:10029000030000F0E3FA1FBD10B510BD00F0C0FB75
:1002A0001146FFF7F1FF00F03DFC00F0DEFB03B468
:1002B000FFF7F2FF03BC00F00FFC00000948804785
:1002C00009480047FEE7FEE7FEE7FEE7FEE7FEE738
:1002D000FEE7FEE7FEE7FEE704480549054A064B50
:1002E0007047000049650008D9010008981A0020ED
:1002F00098200020981C0020981C0020EFF310800C
:1003000072B6704780F310887047434A1368012B18
:1003100004D04FF001031360404A1060404A11605E
:1003200040484FF0805101607047EFF3108272B681
:100330003948016851B34FF0000101603748016846
:1003400091B1EFF309811EF0100F08BF21ED108B62
:1003500021E9F00F4FF000041EF0100F08BF012438
:1003600041F8044D006801602D490968096808C911
:10037000B1E8F00F002B18BFB1EC108B81F30988A6
:100380004EF0100E002B18BF2EF0100E82F31088C6
:100390004EF0040E704722490860EFF3148222F0F9
:1003A000040282F314881D494FF0000008601A49C6
:1003B0004FF0010008601C484FF47F01D0F8002086
:1003C00041EA0201016017484FF08051016017486F
:1003D0000068006880F3088861B662B670471EF056
:1003E000040F0CBFEFF30880EFF3098020E9F00F52
:1003F00040F804ED40F804ED1EF0040F0CBF80F34C
:10040000088880F3098800B508F036F85DF804EB39
:100410004EF0040E704700008C1A002000180020D7
:100420000818002004ED00E020ED00E008ED00E0F9
:1004300070B5064600F0F6F9056806F10B0020F0ED
:100440000704B4429CBF002070BD2B466A68BAB155
:100450001068A04210D304F1080188423CBF5068E4
:10046000586007D35168101941601168091B016079
:1004700058601460101D70BD13465268002AE7D101
:100480002146284600F0D6F90028DED170BD70B5AF
:100490000446051F00F0C6F90068002C14BF44682C
:1004A00070BD002C18BFAC423CBF20466468F8D336
:1004B00001680A18AA4218BF456003D12A68054698
:1004C0001144016028684119A1421CBF6C6070BDD5
:1004D0006168696021680844286070BD53EA020CB5
:1004E00000F069802DE9F04B4FF00006002B1FBF94
:1004F000B3FA83F503FA05F424FA05F65E4012BF59
:100500001643B2FA82F502FA05F4C5F120051EBFC2
:1005100022FA05FC44EA0C04203556EA044C4FEA62
:10052000144418BF641C4FF000084FF000099042BB
:1005300071EB030C39D3002919BFB1FA81F701FA25
:1005400007F6B0FA80F700FA07F6C7F120071EBFDA
:1005500020FA07FC46EA0C062037B6FBF4FCA7EBB2
:100560000507103F07F01F0BCBF120062CFA06F60B
:100570000CFA0BFB44BFB3460026202FA4BF5E46F7
:100580004FF0000B5BEA060C08BF4FF0010B19EBB4
:100590000B0948EB0608ABFB027C06FB02CC0BFB0D
:1005A00003CCC01B71EB0C01C1E70B460246414670
:1005B0004846BDE8F08B13B5084318BF4FF0FF3035
:1005C0000146AFF30080BDE81C4070470FB41CB576
:1005D000074B06AA7B4469460090059800F0DDF9B8
:1005E0000020694600F0ECF91CBC5DF814FB00002B
:1005F000E90300002DE9F041064600241068752942
:10060000314616A510D0AFF30080002802DA404230
:1006100013A507E031688A0701D512A502E0490752
:1006200004D511A5012401E0AFF3008000210A22C6
:1006300006F1240709E0B0FBF2FCB0FBF2F302FB89
:100640001C00303078541846491C0028F3D123464A
:100650002A463046BDE8F04100F040B900000000F5
:100660002D0000002B0000002000000070B50446A3
:100670000D4621461068AFF300802188090502D598
:100680000F4A7A4402E00E4A7A440E32002104F105
:10069000240305E000F00F060009965D5E54491C36
:1006A0000028F7D120780023000704D5702D02D050
:1006B00009B1022311322046BDE8704000F00EB9A6
:1006C000F8AA00002DE9F0410F46054600202862F7
:1006D0002846E968884770B3252805D0D5E9012167
:1006E0009047286A401CF2E7E968284600268847B8
:1006F0006C2804460AD0682C08D04C2C35D06A2CC3
:1007000031D0742C31D07A2C2FD016E0E96806460F
:1007100028468847B042044608D16C2E23D04FF4B7
:1007200080662846E9688847044606E06C2E03D0B8
:100730004FF4807601E01EE04026E4B1A4F14100D0
:10074000192802D8203446F400663A462146284645
:100750002E60FFF791FD60B1012808D0FF1D27F042
:1007600007070837B4E78026DBE70026D9E73F1DF7
:10077000AEE72046B2E7286ABDE8F08102F0FF0349
:1007800043EA032242EA024200F002B84FF00002BC
:100790000429C0F0128010F0030C00F01B80CCF193
:1007A000040CBCF1020F18BF00F8012BA8BF20F801
:1007B000022BA1EB0C0100F00DB85FEAC17C24BF55
:1007C00000F8012B00F8012B48BF00F8012B7047FF
:1007D0004FF0000200B5134694469646203922BFDA
:1007E000A0E80C50A0E80C50B1F12001BFF4F7AF25
:1007F000090728BFA0E80C5048BF0CC05DF804EB07
:10080000890028BF40F8042B08BF704748BF20F874
:10081000022B11F0804F18BF00F8012B7047704772
:100820007047704700487047A0000020704770472D
:100830007047704738B504460A4600206946AFF352
:100840000080002808BF38BD02460099204600F00D
:10085000C5F8012038BD012000F0DAB8F8B5AFF3D3
:100860000080054600200C460C2000BF0646A81953
:10087000A0420DD9324669460020AFF30080070040
:1008800008BF00F0C5F80098A04218BF0546C4197B
:10089000FFF7C8FF05600746F01D20F00700461966
:1008A000284600F00AF8B44208BFF8BDA21B314642
:1008B0003868BDE8F84000F091B80021016041605F
:1008C00070470C20704710B500F084F8006810BD28
:1008D00010B5044600F07EF8046010BD2DE9F04725
:1008E0000D4699469246044600F1240801688806A0
:1008F00004D5E06921F01001216000E00120A84248
:1009000001DD471B00E00027A1697A1902EB09000D
:10091000081AA0612078C00602D42046AFF30080F8
:10092000002608E0D4E901211AF806009047206A61
:10093000401C761C20624E45F4DB2078C0060AD5A8
:100940002046AFF3008006E0D4E901213020904733
:10095000206A401C2062381EA7F10107F4DC07E082
:10096000D4E9012118F805009047206A401C206254
:10097000281EA5F10105F3DC2046AFF300802078A6
:10098000000602D50220BDE8F0870120FBE7000049
:1009900001694A1C02610878704700B58FB0CDE943
:1009A00001310021059105497944CDE90310114633
:1009B0006846FFF787FE0FB000BD0000E5FFFFFFB0
:1009C0000A6802F8010B0A6070470000004870478F
:1009D00098000020004870479800002003464068B7
:1009E0008C46002818BF88423CBF03464068F8D3B5
:1009F00018681844884207D00CF1030020F0070063
:100A0000001D411A521A0146081D0A60FFF73FBD3A
:100A100010B500F039F8BDE8104000F02FB870476D
:100A20007546FFF7D3FFAE4605006946534620F0F2
:100A30000700854618B020B5FFF74EFCBDE8204002
:100A40004FF000064FF000074FF000084FF0000B8A
:100A5000AC46ACE8C009ACE8C009ACE8C009ACE8F9
:100A6000C00921F007018D46704710B50446AFF369
:100A700000802046BDE81040FFF719BC002801D0D7
:100A800000F02AB87047000010B5012805D00021F9
:100A900003A000F027F8012010BD09A1F8E700002D
:100AA00053494752544D454D3A204F7574206F6657
:100AB0002068656170206D656D6F727900000000BF
:100AC0003A2048656170206D656D6F727920636FA3
:100AD000727275707465640001491820ABBEFEE740
:100AE0002600020070B505460C460A2000E06D1C89
:100AF00000F011F835B128780028F8D102E0641C24
:100B000000F009F814B120780028F8D1BDE8704051
:100B10000A20AFF3008008B569468DF80000032075
:100B2000ABBE08BD80B582B0FFF7E8FB07F070FCF4
:100B300008F024F908F0F0FA08F040FA4BF21C3003
:100B400047F609414FF0140C4FF00A0EC0F60000B2
:100B5000C0F6000100224FF40073CDE900EC08F06C
:100B6000E5FA08F083FC08F0DFFA08F0A3FB08F0D0
:100B7000BBFA002002B080BD80B540F2B830C2F2AE
:100B8000000001F06FFA40F22440C2F20000BDE81C
:100B9000804001F067BA0000B0B5016804468A6879
:100BA0008868C0074FF0000031D012F0020218BF71
:100BB000B0BD886800F00D0001281FD188684FF68D
:100BC000C072C7F6FF7210400230886003200860D0
:100BD00002F02CF821688968C90704BF0020B0BD65
:100BE000054602E08068C00712D002F01FF8411BE2
:100BF00020680329F6D38168C907F3D0E06D40F07F
:100C00001000E065206E40F0010020660120B0BDBC
:100C10000020B0BD70B582B004460020019021686C
:100C20008A68D20711D14FF6C076C7F6FF7688687A
:100C300006F17F0210420BD0E06D40F01000E0653D
:100C4000206E40F001002066012002B070BD00BFA0
:100C50008868304040F00100886040F20830C5F2FA
:100C600000000068000221D401F0E0FF21680A685A
:100C7000D20717D1054602E00868C00712D188687C
:100C8000C00704D18868304040F00100886001F05E
:100C9000CDFF401B21680328EED30868C007EBD1C5
:100CA000CAE700BF002002B070BD00BF40F24C0098
:100CB000C2F20000006842F663518009C0F23E5162
:100CC000A0FB0101880900EB40000C2101EB800032
:100CD000019001980028C7D001980138019001982F
:100CE0000028C1D001980138019001980028BBD09C
:100CF00001980138019001980028B5D00198013879
:100D0000019001980028E7D1AEE700002DE9F043FB
:100D100083B000F017FC40F228304CF6CD4140F291
:100D20000C64C2F20000C3F64C61C2F20004C16060
:100D3000204600214FF0000904F0E0F92046002190
:100D400003F02CFC204604214FF0040804F0D6F9EF
:100D50002046042103F022FC2046082104F0CEF9AD
:100D60002046082103F01AFC20460C2104F0C6F9A5
:100D70002068C16841F00101C16000F087F84BF2C2
:100D80001834C0F6000441F211210126C0F600011A
:100D900020460022FE23CDE9009608F0C7F940F274
:100DA0005C15C2F2000546F2394128600227C0F600
:100DB0000001204600224FF40073CDE9007608F0D0
:100DC000B5F946F23D1168600327C0F600012046E0
:100DD00000224FF40073CDE9007608F0A7F941F244
:100DE0000951A860C0F60001204600224FF40073AC
:100DF000CDE9009608F09AF94AF295012861642736
:100E000019A0C0F6000100224FF40073CDE900875D
:100E100008F08CF9E86016A00021002207F0E4FE3B
:100E2000686114A00021002207F0DEFEA86113A073
:100E30000021002207F0D8FEE86140F26830C2F2DB
:100E4000000005F091F9286808F010FBE86808F048
:100E50000DFB686808F00AFBA86808F007FB002093
:100E600003B0BDE8F08300BF75617274000000003C
:100E7000616463007370656564000000706F73697E
:100E800074696F6E00000000FEE700002DE9F0417C
:100E900082B040F28018C2F2000808F1040448F25F
:100EA000C111C0F600012046002206F0ADF908F19C
:100EB0002C0548F2CD11C0F600012846002206F0AC
:100EC000A3F908F1540648F2DD11C0F600013046DE
:100ED000002206F099F940F29037C2F2000748F27A
:100EE000E911C0F600013846002206F08DF947F2FC
:100EF000B912C0F600022046032106F081F947F23C
:100F0000D912C0F600022846032106F079F947F20B
:100F1000F912C0F600023046032106F071F947F2DB
:100F2000FD12C0F600023846032106F069F920469A
:100F300006F080F9284606F07DF9304606F07AF989
:100F4000384606F077F947F27D21062707A0C0F65C
:100F5000000100226423009708F0B4FBC8F80000E9
:100F600002B0BDE8F04108F0F5BB00BF62757474D3
:100F70006F6E000090ED020A0139052900F2FA8037
:100F800090ED002A90ED011A90ED033ADFE801F0B0
:100F9000049E4E6A32C400BFB0EE084AB0EE445A16
:100FA000B0EE446AB0EE447AB1EEC55AB1EEC66A0C
:100FB000B1EEC77A20EE055A33EE033A20EE077AF7
:100FC00085EE035A87EE037A26EE023AB1EEC44A62
:100FD00024EE022A33EE013A31EE421A25EE033AAC
:100FE00027EE014A34EE031AB4EE401AF1EE10FA7D
:100FF0005DDC66E0B0EE085AB0EE454AB0EE456AF8
:10100000B1EEC44AB1EEC66A33EE037A26EE406A08
:1010100086EE076A20EE044AB1EEC55A25EE022A92
:1010200021EE044A32EE011A36E000BFB0EE084A63
:10103000B0EE445AB1EEC55A33EE036A20EE055ABB
:1010400085EE065AB0EE447AB1EEC77AB1EEC44AE4
:1010500020EE044A27EE022A21EE044A32EE411A1B
:101060004EE000BFB0EE085AB0EE454AB0EE456A19
:10107000B1EEC44AB1EEC66A20EE066A33EE037AD8
:1010800086EE076A24EE404AB1EEC55A25EE022AE2
:1010900021EE044A31EE421A84EE034A26EE013A6A
:1010A00034EE031AB4EE401AF1EE10FA09DD84EEC4
:1010B000011A20EE014A33EE041A83EE011A20EEE3
:1010C000013A80ED044A80ED053A7047B0EE084AD7
:1010D000B0EE445AB1EEC55A20EE055A33EE036A1B
:1010E00085EE065AB0EE446AB1EEC66AB1EEC44A65
:1010F00024EE404A26EE022A21EE044A32EE011A7C
:1011000084EE033A25EE014A34EE031AB4EE401A97
:10111000F1EE10FACBDCD4E7B0EE084AB0EE445A58
:10112000B0EE446AB0EE447AB1EEC55AB1EEC66A8A
:10113000B1EEC77A33EE033A25EE405A20EE077A35
:1011400085EE035A87EE033A26EE026AB1EEC44AF0
:1011500024EE022A36EE016A32EE411A25EE064AE4
:1011600023EE013A34EE031AB4EE401AF1EE10FA0F
:10117000A7DD9CE79FED054AB0EE443A34EE031A32
:10118000B4EE401AF1EE10FA91DC9AE7000000008C
:1011900040F2CC20C2F2000090ED052AB5EE402AC4
:1011A000F1EE10FA06D14FF07E51B0EE402A4161C7
:1011B00002E000BF90ED032A40F25001C2F20001AC
:1011C00091ED003A90ED044AB7EE005A35EE435ADD
:1011D00030EE422A25EE044A23EE022A32EE042A99
:1011E00082EE011A80ED030A80ED042AB0EE410A76
:1011F0007047000040F2F040C2F2000001F0D2BAA5
:1012000040F29040C2F2000001F0CCBA70470000FA
:1012100040F25C1640F20C3840F200450027C2F262
:101220000006C2F20008C4F6000502E0F06907F00B
:10123000FDFC002470694FF0FF3107F015FD4046BA
:1012400000F0FAFA28464FF4806101F0E1FC00F06A
:101250001BF80137F8B2052804D00134E0B20A289F
:10126000E8D1E3E7B06907F0E1FC00270134E0B220
:101270000A28DFD1DAE70000EFF3108072B600BF72
:10128000FEE7000000000000F0B581B02DED088BF6
:10129000EFF3108072B606F009F940F2CC27C2F2E3
:1012A0000007C0F58050397800EE100A0129B8EE29
:1012B000C00A03D197ED011A04E000BF0120B0EE8F
:1012C000401A38709FED8C2A30EE411AB4EE421A63
:1012D000F1EE10FA02DAB868013008E09FED872AD3
:1012E000B868B4EE421AF1EE10FA01DD0138B860C8
:1012F0009FED831A9FED832A4FF4B47120EE011AFB
:10130000484321EE021A02EE100A40F22834B8EEE9
:10131000C22AC2F2000431EE021A072087ED010A48
:1013200084ED0A0A84ED0B1A00F02EF984ED0C0A04
:1013300008F038FF94ED0C1AB0EE408AB0EE410A86
:1013400008F0D8FF386C97ED11AA97ED12BAB0EEFD
:10135000409A09F067FE3AEE0B0A054610EE100AB5
:101360000E4609F05FFE9FED600B53EC102B09F069
:101370006DFC2A46334609F075F902460B4609F022
:1013800071F99FED5B0B53EC102B09F01FFA09F07C
:1013900037F9B0EE080AB0EE401AF864B1EEC11A9F
:1013A00081EE000A3AEE4B1A40F20000C2F2000051
:1013B000B7EE004AD7ED0F1AD7ED0E0A97ED066A81
:1013C00097ED077A21EE000A97ED131A87ED140ABC
:1013D00029EE002A21EE083A28EE000A21EE091A29
:1013E00033EE022A30EE410A90ED001A90ED013AF8
:1013F00034EE415A21EE000A34EE431A21EE211A4E
:1014000023EE022A25EE205A32EE011A94ED032A29
:1014100035EE000A40F2100084ED050A87ED0E0A51
:1014200030EE420AC2F2000030EE062A90ED056A64
:1014300084ED041AB4EE462A87ED0F1A94ED023AB1
:1014400090ED034A90ED045AD0ED080AF1EE10FA3F
:10145000C8BFB0EE462AB1EE466AB4EE462AF1EEB7
:1014600010FAB8BFB0EE462A87ED062A25EE022A0A
:1014700024EE000A31EE431A30EE020A31EE072A5A
:10148000B4EE602AB1EE603AF1EE10FAC8BFB0EEE9
:10149000602AB4EE432AF1EE10FAB8BFB0EE432A48
:1014A00090ED073A90ED064A87ED072A23EE022ACF
:1014B00024EE011A31EE021A29EE002A21EE083A32
:1014C00028EE000A21EE091A33EE422A31EE000A14
:1014D000204684ED002A84ED010A04F055FE62B630
:1014E000BDEC088B01B0F0BD000000000000E0BFC3
:1014F0000000000000000840000080C4000080449C
:101500000000B4430000803910B50820FEF790FFBA
:1015100004464FF07C500021C4E90001204604F04D
:1015200033FE4FF4FA6007F035FF05F0BFFF40F2DD
:1015300020320146C2F2000220461160BDE8104090
:10154000FEF7A5BFB0B540F2B834C2F200042046A1
:101550007F2100F0B1F940F22445C2F2000528468F
:101560007F2100F0A9F9204600F0A6FC284600F0F3
:10157000A3FC2068416841F020014160286841686F
:1015800041F020014160B0BD2DE9F0472DED048B05
:10159000044610EE100AB0EE408A09F043FD9FEDBC
:1015A000840B054653EC102B0E4609F082FD58B90A
:1015B0009FED810B284653EC102B314609F080FD3E
:1015C00010B19FED799B8AE09FED7B0B9FED7C9B9B
:1015D00053EC102B2846314609F072FD48B99FEDB7
:1015E0007A0B284653EC102B314609F069FD002890
:1015F00075D19FED750B284658EC107B31463A4665
:10160000434609F05DFD58B99FED730B284653EC36
:10161000102B314609F054FD10B19FED6D9B5EE03B
:101620009FED6D0B284653EC102B314609F048FD19
:1016300060B99FED6D0B284653EC102B314609F035
:101640003FFD18B19FED669B49E000BF9FED660B23
:10165000284653EC102B314609F032FD60B99FED5E
:10166000660B284653EC102B314609F029FD18B1C2
:101670009FED5F9B33E000BF9FED5F0B284653EC6F
:10168000102B314609F01CFD40B99FED5D0B28463B
:1016900053EC102B314609F013FD00BB28463146B0
:1016A0003A46434609F0FEFC9FED550B074653ECC6
:1016B000102B2846314609F003FD53A19FED401B36
:1016C000002818BF083191ED000B52EC113B51EC92
:1016D000100B002F1CBF0A46034642EC193B00EEDC
:1016E000104AB8EEC00A20EE080A30EE000A10EEEA
:1016F000100A09F097FC9FED480B53EC102B09F0F2
:10170000A5FA9FED470B53EC102B09F09FFA53EC11
:10171000192B09F099FB9FED441B9FED452B41ECE4
:10172000100B59EC118B57EC12AB00BF51EC100BA6
:1017300008F066FF044609F075FC42464B46064633
:101740000D4641EC180B09F0A6FC48B1304629467D
:1017500052463B4608F086FF41EC100BE6E700BF1F
:101760003046294652463B4609F09CFC98B900BFDA
:1017700051EC180B42464B4608F074FF08F040FF4E
:10178000044609F04FFC52463B4641EC180B09F069
:1017900097FC0028ECD100EE104ABDEC048BBDE8AC
:1017A000F08700BF00BF00BF00000080C2F51240FC
:1017B000713D0AD7A370E53F48E17A14AE47F93F7F
:1017C000000000E07A141340EC51B81E85EB034092
:1017D000000000A0999913401F85EB51B81E0B40E3
:1017E0000000008014AE13401F85EB51B81E11405D
:1017F00000000020AE471340AE47E17A14AE14401B
:101800003D0AD7A3703D1840000000E07A14134051
:1018100000000000000000004AD8124DFB210940E2
:10182000000000000000303F4AD8124DFB21194053
:101830004AD8124DFB2119C070B540F2B835C2F23A
:1018400000050446284640F20F1100F019FB064639
:101850002846092100F014FB054640F22440C2F25C
:101860000000092100F00CFB40F21001C2F200015F
:10187000D1E900238968801A00EE100AF01A02EEFE
:10188000100A681A9FED0B1A03EE100AB8EEC00A90
:10189000B8EEC22AB8EEC33A20EE010A22EE012ABF
:1018A00023EE011A84ED000A84ED012A84ED021A68
:1018B00070BD00BFFFFF033BB0B582B004460020FF
:1018C000019094F85800012802D1022002B0B0BD66
:1018D000012084F8580020460D46FFF75DF9E16DC0
:1018E00010B141F010014BE041F20212914302317C
:1018F000E16521684FF6C073D1F808C0C3F6FF73E5
:1019000003EA0C0305F080454DF601622B44C0F25A
:10191000040203F100438B608B68B3F1FF3F2BDCC3
:10192000019B01330193019B93421DD88B68B3F156
:10193000FF3F21DC019B01330193019B934213D8AC
:101940008B68B3F1FF3F17DC019B01330193019BCF
:10195000934209D88B68B3F1FF3F0DDC019B013343
:101960000193019B9342D7D9E06D40F0100020F025
:101970000201012004E000BFE16D012262F30101D8
:10198000E165002184F8581002B0B0BD7047000036
:101990002DE9F04181B00022009290F85820012AF0
:1019A00006D14FF0020C604601B0BDE8F08100BFE7
:1019B0004269012380F8583012B10B6A012B21D102
:1019C0004A68092A1AD10A688B6A4FF4785606EADF
:1019D000524223B1CE6A03F07C0333431A43D0F85A
:1019E000008044F20005D8F84C60C0F210452E404B
:1019F0001643C8F84C6042662EE000BFD0F8008065
:101A00002AE000BF846E1CB1456E00220AE000BFD0
:101A10008D6A5A1E25B1CE6A05F07C052E433243ED
:101A200000251C46D1E90036D0F8008006F01F06DC
:101A3000C3F38463B3401A43661E42EA0502C0E959
:101A4000192609D1D8F84C6044F20005C0F21045BF
:101A50002E403243C8F84C20D8F80820120714D47E
:101A6000D8F80C2091F8256091F8265022F4401205
:101A70004FEA455516B12A4305E000BF91F82460AE
:101A800042EA06522A43C8F80C20D8F80820D8F8B1
:101A9000086002F0040206F00806921916D18A6A5C
:101AA000C2B1CA6AB2B191F82520012A1CD1C26D17
:101AB0004FF0010C42F02002C26591F83060D8F876
:101AC0001020012E1ED022F0020223E04FF0000C65
:101AD000E9E000BF91F82560D8F80C20012E05D16F
:101AE00042F0007204E000BFD8F80C2022F000722F
:101AF0004FF0000CC8F80C2091F83060D8F8102096
:101B0000012EE0D1D1E90D6522F4FF7232432A4360
:101B100042F00202C8F810200D68042608F11402F1
:101B200006EAD55EC5F340668C6852F82660C5F3B8
:101B300004550727AF40B4F1004F26EA070605D148
:101B400042F80E60126842F0004206E0AC403443B6
:101B500042F80E40126822F00042C8F81420D1E981
:101B60000425D8F80C60042A70D1D8F86020D8F881
:101B700060200C68C2F3846694FAA4F52246B5FA94
:101B800085F5C4F3846E6FF3DF422C46002A08BF4C
:101B90007446A6424FF6FF74C0F207040ED1D8F87F
:101BA000602022F00042C8F860200D6805EA0402B7
:101BB000C5F3846E95FAA5F5B5FA85F5D8F8646095
:101BC000D8F86460002AC6F384662F4608BF7746BB
:101BD000BE420ED1D8F8642022F00042C8F864203A
:101BE0000D6805EA0402C5F3846E95FAA5F5B5FA09
:101BF00085F5D8F86860D8F86860002AC6F384666E
:101C00002F4608BF7746BE420ED1D8F8682022F092
:101C10000042C8F868200D6805EA040295FAA5F4A8
:101C2000C5F3846EB4FA84F5D8F86C40D8F86C40EB
:101C3000002AC4F3846408BF7546AC4233D1D8F897
:101C40006C2022F00042C8F86C202CE0062707EA3E
:101C5000960705FA07FE0E6808F1600555F8224060
:101C60004FF20007C0F2FF3706F0F8463C404EEA5C
:101C70000607274347F0004745F822700A698F6935
:101C800055F8226026F08076374345F822700A69BD
:101C90000F7F55F82260012F26F0007608BF06F16D
:101CA000007645F82260D8F808200D68D2074ED19A
:101CB000CF684FF6FF73D8F8B0602A4607F01804D3
:101CC000C0F207036FF3DF42E34096432B403343F8
:101CD0000026C4F27F06B742C8F8B03037D18AB1C7
:101CE00095FAA5F2B2FA82F2013202F01E03092B34
:101CF00002F01F020FD80123934002EB420243EA95
:101D0000025214E0012202EB956202F01E030A2B3C
:101D100002F01F02EFD301230027934002EB42029F
:101D2000CFF6206707EB02521A4342F00072C2F36B
:101D3000406708EB87078B687E69C2F3045207256A
:101D40009540AE4303FA02F232437A610D680021F6
:101D5000C8F208010D4216D040F20831C5F2000168
:101D60000C680022CCF22132954204F0E07204D0DB
:101D70001023C9F2C0039D420CD1B8F1A04F08BF97
:101D800014F4000316D0002180F85810604601B00A
:101D9000BDE8F0810023CCF252739D4242D1002372
:101DA000B3EB126F3ED1A1F502739845EBD04FF023
:101DB000807345E00B6823F0E0731A4342F400029D
:101DC0000A6040F24C01C2F20001096842F6635217
:101DD0008909C0F23E52A1FB0212910901EB4101B7
:101DE000182202EB8101009100990029CBD000BF9D
:101DF00000990139009100990029C4D00099013956
:101E0000009100990029BED00099013900910099F4
:101E10000029B8D000990139009100990029E7D133
:101E2000B1E700BFA1F502739845ACD00023CCF612
:101E300084339D4208BF14F48003A4D14FF480037F
:101E40000F6827F0E0773B431A430A609BE70000E6
:101E5000006840F20011C5F20001884218BF7047C7
:101E600040F25C11C2F20001086A013008280862E1
:101E700004D1486900220A6206F0D8BE704700000B
:101E8000006840F20F12914210D040F21B32914292
:101E900008D040F21522914214BF80218821405879
:101EA000704700BF8C214058704700BF84214058C4
:101EB000704700007047000070B540F20014C5F292
:101EC0000004D4F8085201688A68120744BF02204F
:101ED00070BDCA68C96C11F4C07F07D1002A05D44F
:101EE000C16D41F02001C165012070BD90F858100E
:101EF000012904BF022070BD012180F85810064658
:101F0000FEF788FE20B1002186F8581070BD00BF92
:101F1000F16D3046C90546BF016E21F00801002170
:101F20000166C16D43F20102914301F58051C16523
:101F3000016805F01F02A14206D12AB160230B609F
:101F4000002380F858300CE0C36DA14223F48013C5
:101F5000C3654FF060030B604FF0000380F858300A
:101F600007D1072A14D8012303FA02F212F0C10F95
:101F70000ED0C868800144BF002070BD88684FF64D
:101F8000C072C7F6FF72104008308860002070BD34
:101F9000C16D41F48011C165002070BD7047000023
:101FA0007047000090F85820012A04BF02207047B3
:101FB00070B582B00022019200920268B2F1A04F87
:101FC00030D140F208324FF6006E4FF60055C5F2A0
:101FD0000002CFF6FF7ECFF6FF7552F80E40535940
:101FE00023435B071ED4D1F800C01368BCF1000F77
:101FF00023F4604424D04B6890F8386043EA4633B9
:1020000023431360535952F80E603343DB0723D147
:10201000136840F61F768968B343194341EA0C01FF
:1020200019E000BFC16D41F02001C165012100220E
:1020300080F8582002B0BDE870400846704700BFE5
:102040001460515952F80E301943C90704D1116870
:1020500040F61F73994311600021E8E770470000C4
:10206000704700002DE9F047056840F20018C5F2FE
:1020700000082E68D5F804A0D8F808720446B00706
:102080000FD51AF002000CD0E06DC00603D4E06D4D
:1020900040F40060E0652046FFF778FC25680220E8
:1020A0002860700707F01F0902D51AF0040004D158
:1020B000300749D51AF0080046D0204650F85C2F6A
:1020C000D20603D4026842F400720260EA6812F495
:1020D000406F33D12A46454508BF4FF0A042134612
:1020E000B9F1090F08BF2B46B9F1050F08BF2B4600
:1020F000B9F1000F08BF2B46AA4208BF1346DA68A1
:1021000092041BD42A68120718D5AA6852070BD468
:102110006A6822F00C026A60016821F48071016033
:102120000168C90406D509E0E06D40F01000E065E3
:1021300004F16000016841F0010101602046FFF7F1
:102140008DFF25680C202860B00602D51AF020000B
:1021500004D170062CD51AF0400029D0204650F842
:102160005C2FD20603D4026842F400520260294672
:10217000EF6CEA68454508BF4FF0A0410B46B9F146
:10218000070F08BF2B46B9F1060F08BF2B46B9F160
:10219000000F08BF2B46A94208BF0B46DB6817F4A7
:1021A000C07F6BD02046FFF753FE25686020286073
:1021B00030060CD51AF0800009D0E06D40F4803074
:1021C000E065204600F0A0F9256880202860F00531
:1021D0000DD51AF480700AD0E06D40F40030E0654F
:1021E0002046FFF7DBFE25684FF480702860B005BD
:1021F0000DD51AF400700AD0E06D40F48020E0653F
:102200002046FFF7CDFE25684FF400702860F006E9
:102210001AD51AF0100017D0E06B38B1B9F1000FE1
:102220004ED0D8F8080210F4604F0BD0E06D40F4A7
:102230008060E065206E40F0020020662046FFF7D7
:102240000FFF256810202860700558BFBDE8F08793
:102250001AF4806010D0E06D4FF4806140F480404B
:10226000E065206E40F00800206620462960BDE849
:10227000F047FFF71FBE00BFBDE8F087990106D504
:1022800002F4406103F4005289187FF48BAF29688F
:1022900049067FF587AF13F400117FF483AFA96877
:1022A000090711D4696821F060016960016821F4AF
:1022B000805101600168C9053FF574AF0AE000BFB5
:1022C000E868C007B2D1BDE7E06D40F01000E065FE
:1022D00004F16000016841F00101016062E7000063
:1022E000B0B582B000210028019155D0C16D39B937
:1022F000044600F00BF920460021216684F85810AE
:102300000268916889004FF6C071C5F6FF7102D569
:1023100093680B4093609368DB002ED4936801F1BF
:102320008051194041F08051916040F24C01C2F25D
:102330000001096842F663538909C0F23E53A1FBCC
:1023400003139909022303EB410101910199A1B102
:10235000019901390191019979B1019901390191ED
:10236000019951B1019901390191019929B101995D
:102370000139019101990029EAD19168C90011D46C
:10238000C16D4FF0010E41F01001C165016E41F0C9
:102390000101016608E000BF4FF0010E704602B077
:1023A000B0BD00BF4FF0000E9368C46D03F004038E
:1023B00004F010041B19C36D68D123F48173023338
:1023C000C3659368DB071AD140F2083C4FF600540E
:1023D0004FF60063C5F2000CCFF6FF74CFF6FF7323
:1023E0005CF804405CF803302343DB0707D1436803
:1023F000DCF8004024F47C142343CCF80030437F05
:10240000C46BD0E902C144EA4333194390F8243045
:1024100041EA0C01012B41EA034306D1816A002401
:10242000CFF6FE7404EB41410B43C46A24B1016B47
:1024300004F4787421430B43D16844F20704CFF6C7
:10244000F07421401943D1601169436B21F0406160
:10245000194311619168090743D490F83810037F3C
:10246000490041EA8331D36844F20204A34319438B
:10247000D160036914698BB144F480311161D2F8E1
:10248000C01043F6FF74A1430B4310E043F0100269
:102490004FF0010EC265704602B0B0BD24F4803129
:1024A0001161D2F8C01043F6FF7321EA0303C2F8AA
:1024B000C03090F84010136901290FD140F2FD712E
:1024C00023EA010CD0E91134D0E9131543EA0C03D7
:1024D00023431943294341F0010301E023F00103A1
:1024E00013614169136B012923F00F0302D1016AC3
:1024F00001390B431363C26D012161F30102C2650F
:10250000704602B0B0BD00007047000010B598B032
:10251000044600201790CDE91500CDE9130002A86C
:102520004421FEF755F9206840F20011C5F2000180
:1025300088424BD0B0F1A04F40F086804FF400406D
:1025400002904FF00050119002A801F007F9002806
:1025500018BFFEF791FE40F22431C2F200010A6872
:1025600041F24C00C4F20200531C0B6042B90168F6
:1025700041F400510160016801F400510191019999
:102580000168032441F001010160016801F00101CB
:1025900001910199016841F002010160006813A9ED
:1025A00000F0020001900198042013900020159083
:1025B0004FF09040149400F04BFA0220CDE9130440
:1025C00040F20040C4F6000031E000BF4FF400408C
:1025D00002904FF00050119002A801F0BFF80028BF
:1025E00018BFFEF749FE40F22431C2F200010A682A
:1025F00041F24C00C4F20200531C0B6042B9016866
:1026000041F400510160016801F400510191019908
:10261000016841F001010160006800F001000190D3
:10262000019840201390032014904FF09040002117
:10263000159113A900F00CFA12200021002200F0DD
:10264000C3FE122000F0AEFE18B010BD002804BF7B
:102650000120704790F8211049B910B5002180F889
:102660002010044600F010F82046BDE8104000217C
:1026700001224162C0E90111C0E90311416180F802
:10268000212008467047000041F24801C4F20201CF
:102690000068A1F58962904218BF704781B0086850
:1026A00040F008000860086800F0080000900098FA
:1026B00001B07047014690F82500022828D180B566
:1026C0000868D1E910CE8A6C036823F00E0303601A
:1026D000136823F480731360026822F00102026021
:1026E0000EF01F00012202FA00F0CCF80400D1E93C
:1026F00013205060486D30B1026822F4807202608D
:10270000D1E9160242600020BDE8804003E000BF2E
:102710000420C8630120012281F82520002281F8CD
:102720002420704790F82510022931D180B5016826
:10273000D0E910CE826C0B6823F00E030B600B689F
:1027400023F001030B60116821F4807111600EF019
:102750001F02012101FA02F2CCF80420D0E9133261
:102760005A60426D32B1136823F480731360D0E96C
:102770001623536080F82510826B002180F8241006
:102780000AB190470021BDE880400846704700BF6D
:102790000421C1630121002280F8251080F8242043
:1027A00008467047B0B5D0E910C30268DCF80010E5
:1027B00003F01F030424D2F800E09C400C4218BF31
:1027C0001EF0040520D102249C400C4218BF1EF0CC
:1027D000020529D1D940090714D51EF0080108BF08
:1027E000B0BD116821F00E011160012101FA03F260
:1027F000CCF80420C16380F82510416B002280F8DA
:10280000242069B9B0BD00BF1168890603D41168DE
:1028100021F004011160CCF80440016B0029F1D0D3
:10282000BDE8B040084700BF1168890606D41168AA
:1028300021F00A011160012180F82510CCF8044034
:10284000C16A0022002980F82420E9D1DAE70000DB
:1028500000284FF0010100F085802DE9F04740F29B
:10286000000CC4F2020C03684FF6F8320CF5816ECE
:10287000CBF6FD72734538BF02F580624CF6CD444D
:102880001A44CCF6CC44A2FB042903F0FC02A2F1CA
:102890000802A2FB04280CF580646FF00305D0E960
:1028A00002A607693CBF0024C4F2020405EA9905A8
:1028B000C0E91045022480F825401C6847F6F072F4
:1028C00024EA0202324346693A4387693243C669C1
:1028D0003A43076A32433A4342EA0A021A600CF565
:1028E0000262734538BF0CF50062AB180CF5086244
:1028F000C264C8F3041201FA02F540F68401BAF585
:10290000804FC4F202018364056505D10022426054
:102910001A600D6018E000BF4268D4B2013A032A81
:102920004FF000021C600D600ED8631E01EB8307A0
:1029300047F87C2F03F01F0201239340C1F8C030F9
:10294000BC313A4602E000BF00210023C0E9152156
:1029500000210122C365C16380F8252080F824107E
:10296000BDE8F0470846704790F824C0BCF1010F5D
:1029700047D04FF0010C80F824C090F825C0BCF17E
:10298000010F3BD12DE9F0414FF0020C80F825C03A
:102990004FF0000CC0F83CC0D0F800C000F14C0E65
:1029A0009EE83040DCF80060BEF1000F26F0010622
:1029B000CCF8006065601CBFD0E916456560D0E9C1
:1029C0001056012706F01F06846807FA06F6D0F8AD
:1029D00030806E60CCF804300B46102C04BF1346D8
:1029E0000A46CCF80830CCF80C20DCF80010B8F11E
:1029F000000F09D041F00E010EE000BF002180F869
:102A000024100220704700BF21F00401CCF8001010
:102A1000DCF8001041F00A01CCF80010806C01686D
:102A2000C90303D5016841F480710160BEF1000F54
:102A300005D0DEF8000040F48070CEF80000DCF82D
:102A4000000040F00100CCF800000020BDE8F0815B
:102A50002DE9F04F83B00E68002E00F0CF8000F11A
:102A6000200241F2004C009200F13847C4F6000CFD
:102A700006224FEAB725604508BF0522052D38BF5D
:102A80004FEAB722002500274FF0000801920AE024
:102A90000E6808F1010836FA08F207F1020705F19D
:102AA000040500F0AB80012202FA08FE16EA0E09C6
:102AB000EED0D1F804C003220CF0030BABF10106F9
:102AC00002FA07F4012E6FEA040A11D88468CE686E
:102AD00004EA0A04BE4034438460446824EA0E06D3
:102AE000CCF3001404FA08F42643466006E000BF65
:102AF000BBF1030F02D14FF0030B21E0C6688C68D5
:102B000006EA0A06BC402643BBF1020FC66017D195
:102B10006FF00302009B02EA580605F01C020F2426
:102B200053F806C004FA02FE0C692CEA0E0C04FAF3
:102B300002F242EA0C029A51D1F804C00CF0030BE5
:102B400002680BFA07F302EA0A021A431CF4403F38
:102B500002609DD041F26003C4F202031A6840F2A1
:102B6000004E42F001021A601A68C4F2010E02F02F
:102B700001020292029A28F003024FF6084C7244B6
:102B8000CFF6FF7C52F80C3005F00C060F24B44051
:102B9000A343019C04FA06F6334342F80C30DEF8F6
:102BA00008204B6842EA090640F20C4CDC0258BF90
:102BB00022EA0906CEF80860C4F2010CDCF8002015
:102BC0009C0242EA090658BF22EA0906CCF80060D6
:102BD000DEF804209C0342EA090658BF22EA0906EF
:102BE000CEF80460DEF80020DB0342EA090658BF95
:102BF00022EA0906CEF800604AE700BF03B0BDE84C
:102C0000F08F00000069084018BF012070470000E5
:102C1000426902EA0103914341EA0341816170473D
:102C20001823002A08BF2823C150704741F694207A
:102C3000C2F200000068704790F84120202A03D1BA
:102C400090F84020012A01D102207047242280F808
:102C500041200268136823F001031360136823F412
:102C600080531360136819431160116841F001012A
:102C70001160202180F84110002180F840100020D0
:102C80007047000090F84120202A03D190F840209E
:102C9000012A01D102207047242280F841200268D5
:102CA000136823F001031360136823F4706343EA8D
:102CB00001211160116841F001011160202180F8AB
:102CC0004110002180F840100020704781B041F28F
:102CD0006001C4F202010A6842F001020A60096858
:102CE00001F00101009100990421C4F201010A6878
:102CF0001043086001B07047002804BF01207047EE
:102D000010B590F8411031B9002180F84010044608
:102D100000F00CFA2046242180F8411090E81210AF
:102D2000C3680A68012B22F001020A6024F0706275
:102D30000A618A6822F400428A6003D14CF400429E
:102D40008A6009E04CF40442022B8A6004D14A688C
:102D500042F4006203E000BF4A6822F400624A6065
:102D60004A6800F1100C42F0007242F400424A60DE
:102D7000CA6822F40042CA609CE81C101A4342EA66
:102D80000422CA60026A42EA0C020A600A6842F03F
:102D900001020A6000212022416480F84120016381
:102DA00080F84210002010BD2DE9F04782B00446A3
:102DB00090F84100202803D194F84000012803D165
:102DC000022002B0BDE8F08701200D461746984664
:102DD00084F84000FFF72AFF216806468A6912043A
:102DE00025D4222084F84100102084F842000020DD
:102DF00060646762A4F82A806063608D49F6000C05
:102E000040F20008CFF6004CB0F5807FC0F2FF180A
:102E100026D351F8040F2B466FF39F2300EA0C07CB
:102E200008F51050FF2228E088690004D9D5204613
:102E30001921324602F006FF002871D1FFF7F6FE95
:102E4000801B21681A28EFD388690004ECD5606CD8
:102E500040F020006064202084F84100012070E0F0
:102E6000628D284651F8043F6FF39F20D7B240EAA5
:102E7000074703EA0C0308F592303B431843086008
:102E80002285608D0A9F002844D06FF39F254FF064
:102E9000FF090CF5806A10E0618D2068218550F8EB
:102EA000042FC9B202EA0A0242EA01414FF000725D
:102EB000294311430160608D60B320463946324694
:102EC00002F0E0FF60BB2068616A406A0870606AD7
:102ED000218D01306062481E2085618D0139618538
:102EE000618D0029E7D00004E5D120468021002231
:102EF0003B46009602F054FF90B9608DB0F5807F9C
:102F0000CAD32068A4F8289050F8041F424601EA6A
:102F10000A01CDE720463946324603F01FF818B1C2
:102F2000012002B0BDE8F08720682021C16142681D
:102F30004EF60003CFF600631A404260002084F88A
:102F40004110002184F8421084F8401002B0BDE81E
:102F5000F08700002DE9F04782B0044690F8410068
:102F6000202803D194F84000012803D1022002B0A8
:102F7000BDE8F08701200D469846174684F84000CA
:102F8000FFF754FE216806468A6912041BD42120EB
:102F900084F84100102084F84200002060646762D9
:102FA000A4F82A806063608D49F6000CB0F5807F3C
:102FB000CFF6004C22D3FF2222854FF0807324E00D
:102FC00088690004E3D520461921324602F03AFE12
:102FD000002840F08580FFF729FE801B21681A2811
:102FE000EED388690004EBD5606C40F0200060648B
:102FF000202084F84100012083E000BF628D002A78
:10300000228500F087804FF0007317F8010B88626B
:103010006762608D01386085501E208528466FF3F9
:103020009F20D2B240EA02404A68184302EA0C02EA
:10303000104340F400504860608D0A9F002849D03A
:1030400040F2000A6FF39F254FF0FF080CF58069EE
:10305000C0F2FF1A11E000BF618D2068218550F891
:10306000042FC9B202EA090242EA01414FF000729C
:10307000294311430160608D60B3204639463246D2
:1030800002F0AAFF60BB606A216810F8012B8A6217
:103090006062608D01386085208D01382085618DEA
:1030A0000029E8D00004E6D12046802100223B46DA
:1030B000009602F075FE98B9608DB0F5807FCBD395
:1030C0002068A4F8288050F8041F524601EA09013C
:1030D000CEE700BF20463946324602F03FFF18B126
:1030E000012002B0BDE8F08720682021C16142685C
:1030F0004EF60003CFF600631A404260002084F8C9
:103100004110002184F8421084F8401002B0BDE85C
:10311000F08700BF486808222B4600EA0C0062F3E3
:103120009F23184340F0007085E700002DE9F0432D
:1031300097B0044600201690CDE91400CDE91200A6
:1031400001A8043040214025FDF742FB206845F2EC
:103150000041C4F20001884202D017B0BDE8F083FC
:1031600001A8019500F0FAFA002818BFFEF784F8CC
:1031700041F24C05C4F20205286812AC40F001008F
:10318000286028684FF0120800F0010000900098B5
:1031900028684FF0010940F00200286028680326E3
:1031A00000F00200009000984FF4004012900427B5
:1031B0004FF090402146CDF84C80CDF850901596B8
:1031C0001697FFF745FC4FF4007012A981E8010340
:1031D00040F20040C4F600002146CDE91567FFF734
:1031E00037FC0420C4F20100016841F400210160B1
:1031F000E86840F40010E860E86800F4001000900F
:10320000009817B0BDE8F08340F2080041F6942121
:10321000C2F20000C2F2000140680A68104408606F
:103220007047000080B5032000F0FAF80F2000F08E
:1032300009F800281CBF012080BD00F057F80020CD
:1032400080BD0000B0B586B041F25801C4F2020161
:103250000A68054642F004020A60096801A801F004
:10326000040101910199694600F030FD00F050FD24
:103270004DF68361C4F21B31A0FB01014FF0FF301A
:1032800000EB914140F2586040F60002C2F20000AB
:10329000C4F2000240F2E7330024C0E90021C0E993
:1032A0000243046101F0F0F910B106B0B0BD00BFF7
:1032B00040F25860C2F2000001F050FA0028F4D148
:1032C0001E2000F06FF80F2D0CD81E20294600227A
:1032D00000F07AF840F208010020C2F200010D600F
:1032E00006B0B0BD012006B0B0BD000082B041F212
:1032F0005800C4F20200816841F0010181608168D8
:1033000001F0010101910199016841F080510160D2
:10331000006800F080500090009802B000F014BAED
:1033200070B5E0B10446D0F8880015460E4628B9BD
:10333000002084F88400204602F07CFB2420C4F89E
:1033400088002068A16A026822F00102026011B1BF
:10335000204603F0A9F9204603F022FC10B1012019
:1033600070BD00BF2168B5F5006F486820F490403B
:103370004860886820F02A00886005D1486820F0FD
:103380007F4040EA06604860086820F400602843F7
:103390000860086840F0010220460A60BDE87040FD
:1033A00003F0F6B9002848BF704700F01F01012262
:1033B00002FA01F11C2202EAD0004EF20012CEF213
:1033C000000281507047000010B54EF60C5CCEF242
:1033D000000CDCF80030C3F3022E8EF00704042C3E
:1033E00028BF0424BEF103034FF0FF3E0EFA04F49D
:1033F00038BF0023A14399400EFA03F39A431143C7
:1034000000F00F0200F160430901043A03F5644340
:103410006244002848BF02F10C03197010BD00007F
:103420004EF60C51CEF200010A684FF6FF031A4027
:1034300060F30A2242F0806040F0FD70086070473F
:1034400038B190F83A10052903D090F83A100229C3
:1034500002D10120704700BF2DE9F04381B041F255
:103460006001C4F202010A6843F6116742F00102EA
:103470000A600968CEF2000701F00101009100998D
:1034800090F83A100446002904BF002180F8391052
:1034900000F062F8D4F808C04CF0200060281FD17A
:1034A000D4E9000ED4F810800568E66A25F010050E
:1034B0002E4306600668D4E90951374047EA0E07F3
:1034C000267D47EA0807D4E90C232F43012E08BFC5
:1034D00047F48077394341EAC24141EA036220E080
:1034E000D4E90008D4E9039E0668E56A26F01006D0
:1034F0002E4306600668D4E90953374047EA0807B7
:1035000047EA0907267D47EA0E07D4E90C122F4344
:10351000012E08BF47F480773B4343EAC14141EAAB
:10352000026242EA0C0101608169002909D48169C3
:1035300004F118078CCF21F03F011143194339439F
:10354000816194F83A00002804BF012084F83A0011
:10355000002001B0BDE8F08380B586B0006840F27D
:103560000831C4F2010188424FF000010591CDE914
:103570000311CDE901112DD040F20431C4F2010153
:10358000884215D040F20031C4F2010188423BD19B
:1035900041F24C00C4F20200016841F001010160F7
:1035A000006800F00100009000980E200EE000BFBF
:1035B00041F24C00C4F20200016841F001010160D7
:1035C000006800F0010000900098E02001904FF0AA
:1035D000904012E041F24C00C4F20200016841F058
:1035E00002010160006800F00200009000980720CE
:1035F000019040F20040C4F6000003210291002136
:10360000039101A9FFF724FA06B080BD90B190F8AC
:103610003A1005290ED090F83A1001290AD1016814
:103620000A6842F001020A60042180F83A10002082
:10363000704700BF0120704747F21401C4F2000137
:1036400051F8142CB0F5007F3CD0002874D1C86E1E
:1036500002F4C06220F48070B2F5806FC8662FD18A
:1036600051F8140C012262F34A2041F8140C40F284
:103670004C00C2F200000068322250434DF68362D3
:10368000C4F21B32A0FB0202900C00BF0A68520574
:1036900011D5421C0FD00A6852050CD558B10A68E2
:1036A000520508D5012806D00A68520503D502281C
:1036B000A0F10400EAD10868400544BF0320704728
:1036C00000207047C86E02F4C06240F48070B2F50A
:1036D000806FC866F4D151F8140C012262F34A20BD
:1036E00041F8140C40F24C00C2F200000068322293
:1036F00050434DF68362C4F21B32A0FB0202900CD1
:103700000A68520511D5421C0FD00A6852050CD523
:1037100058B10A68520508D5012806D00A68520532
:1037200003D50228A0F10400EAD10868400544BF8F
:1037300003207047C4E700BF022060F34A2241F82B
:10374000142C00207047000047F20800C4F200006B
:10375000016841F480410160704700002DE9F041AB
:1037600082B00446807841F288060007C4F202065F
:1037700002D400202FE000BF56F8300C5FEAC008EA
:103780000BD456F8300C40F0805046F8300C56F808
:10379000300C00F080500190019847F20007C4F20D
:1037A0000007386840F480703860FFF73FFA05463C
:1037B0003868C00500F1D680FFF738FA401B0228B0
:1037C000F6D90320B8F1000F05D456F8301C21F0CB
:1037D000805146F8301C2168CA0713D18A0719D4D2
:1037E0004A071FD40A0725D48A062BD44A0631D4A7
:1037F0000A0637D4CA053DD48A0543D44A0549D4BC
:1038000057E000BF3268636822F003021A43326057
:103810008A07E5D53268A36822F00C021A433260A9
:103820004A07DFD53268E36822F030021A4332607B
:103830000A07D9D53268236922F0C0021A433260E0
:103840008A06D3D53268636922F440621A43326033
:103850004A06CDD53268A36922F440521A43326039
:103860000A06C7D53268E36922F440421A4332603F
:10387000CA05C1D53268236A22F440321A43326045
:103880008A05BBD53268636A22F440221A4332604B
:103890004A050ED53268A36A22F440121A43B3F5E2
:1038A000801F326005D156F87C2C42F4801246F815
:1038B0007C2C0A050ED53268E36A22F440021A43D2
:1038C000B3F5800F326005D156F87C2C42F480129B
:1038D00046F87C2CCA040ED53268236B22F0407265
:1038E0001A43B3F1807F326005D156F87C2C42F444
:1038F000801246F87C2C8A040ED53268636B22F065
:1039000040621A43B3F1006F326005D156F87C2C47
:1039100042F4801246F87C2C4A040ED53268A36B20
:1039200022F040621A43B3F1006F326005D156F8BD
:103930007C2C42F4801246F87C2C09040ED53168A8
:10394000E26B21F040511143B2F1805F316005D14B
:1039500056F87C1C41F4803146F87C1C02B0BDE86E
:10396000F08100BFB06810F4407010D0216C884224
:103970000BD0B068B16820F4407041F48031B16080
:10398000B16821F48031B160B060C0070CD1B0687B
:10399000216C20F440700843B0600020B8F1000FA3
:1039A0003FF519AF11E700BFFFF740F9054641F2B7
:1039B000883700BFB0688007E9D4FFF737F9401BAC
:1039C000B842F7D9FDE600002DE9F047002863D0A2
:1039D00042F2000AC4F2020A0446DAF800000D4678
:1039E00000F00F0088420CD2DAF8000020F00F003F
:1039F0002843CAF80000DAF8000000F00F00A842DF
:103A00004AD1216841F20808C807C4F2020803D16C
:103A1000880740F1D080B5E0606858F8082C02288B
:103A200038D003283CD1920136D5D8F80420D8F8F4
:103A3000043042F20046C3F3031302F00302D8F845
:103A400004700133C0F2F406032A04BF41F20026D9
:103A5000C0F27A06B6FBF3F2D8F80430C7F30627B3
:103A60007A43C3F34163022707EB4303B2FBF3F24C
:103A70004BF20043C0F2C4439A4259D9D8F800200F
:103A800012F0F00F49D0890752D5A16800294FD113
:103A900043E000BF910305D40120BDE8F08700BFDB
:103AA0005105F9D5D8F8001001F00C0104293FD0D8
:103AB000D8F8001001F00C01082939D0D8F800100E
:103AC00001F00C010C2933D1D8F80410D8F80420E7
:103AD00042F20047C2F3031201F00301D8F80430A8
:103AE0000132C0F2F407032904BF41F20027C0F2FB
:103AF0007A07B7FBF2F1D8F80420C3F30623594341
:103B0000C2F34162022303EB4202B1FBF2F14BF23A
:103B10000042C0F2C44291420AD9D8F800100822EB
:103B200062F307114FF00109C8F8001002E000BF6E
:103B30004FF00009D8F8001021F003010843C8F83D
:103B40000000FFF773F8064641F28837D8F8000006
:103B5000616800F00C00B0EB810F07D0FFF766F84A
:103B6000801BB842F2D90320BDE8F087216888079E
:103B700008D4B9F1000F1ED0D8F8000020F0F000F2
:103B800017E000BF480705D5D8F8000040F4E06012
:103B9000C8F80000080706D5D8F80000072262F32D
:103BA0000D20C8F80000D8F80000A26820F0F0004E
:103BB0001043C8F80000DAF8000000F00F00A84237
:103BC0001BD9DAF8000020F00F002843CAF80000E3
:103BD000FFF72CF8064641F2883700BFDAF80000FC
:103BE00000F00F00A84207D0FFF720F8801BB84272
:103BF000F4D90320BDE8F0872168480707D5D8F835
:103C00000000E26820F4E0601043C8F800000807F4
:103C100008D5D8F80000216920F4605040EAC100BE
:103C2000C8F80000D8F8000042F20041C0F2F401E8
:103C300000F00C00042808462DD0D8F8000000F051
:103C40000C00082841F20020C0F27A0023D0D8F8F6
:103C5000002002F00C020C2A1CD1D8F80420D8F85D
:103C6000043002F00302C3F30313D8F804700133E5
:103C7000032A08BF0146B1FBF3F0D8F80410C7F3DC
:103C80000627C1F341610222784302EB4101B0FBF8
:103C9000F1F000E00020D8F800104BF2C812C1F398
:103CA0000311C0F60002515C40F24C0201F01F010A
:103CB00020FA01F140F20800C2F200000068C2F2EE
:103CC00000021160BDE8F047FFF7BCBA0F220260A6
:103CD00041F20802C4F20202136803F003034360D6
:103CE000136803F0F0038360136803F4E063C360B8
:103CF00012684FF4E06303EAD202026142F200006C
:103D0000C4F20200006800F00F0008607047000075
:103D100040F24C0041F20801C2F20000C4F202017C
:103D2000006809684BF2D812C1F30221C0F6000204
:103D3000515C01F01F01C8407047000040F24C0088
:103D400041F20801C2F20000C4F2020100680968F1
:103D50004BF2D812C1F3C221C0F60002515C01F04F
:103D60001F01C8407047000041F20C01C4F202017B
:103D700051F8040C42F20042C0F2F40200F00C00D0
:103D80000428104608BF704751F8040C00F00C00DE
:103D9000082841F20020C0F27A0025D051F8043CF6
:103DA00003F00C030C2B1CBF0020704780B5D1F82A
:103DB00000C00B680CF0030CC3F3031E0B680EF17C
:103DC000010EBCF1030F08BF02460968B2FBFEF00A
:103DD000C3F30623C1F341610222584302EB4101C0
:103DE000B0FBF1F0BDE8804070470000002804BF40
:103DF000012070472DE9F04182B00446007841F27D
:103E00000006C007C4F202061ED1207880073DD408
:103E10002078000764D42078400700F1878020785C
:103E2000800600F1D980E569002D00F04282B0687B
:103E300000F00C000C2840F03181012D40F08E8103
:103E4000012002B0BDE8F081B06800F00C01F0681C
:103E5000082961D0032281F00C0122EA0000084405
:103E6000B0FA80F0400957D161683068B1F5803F01
:103E700007D0B1F5A02F40F0E38040F480203060FF
:103E8000306840F480303060E4E000BFB068F16832
:103E900000F00C00042871D001F0030180F00C0048
:103EA00081F002010844B0FA80F0400966D1E1686F
:103EB0003068002900F0E08040F480703060FEF748
:103EC000B5FE05463068400500F10A81FEF7AEFEFA
:103ED000401B0228F6D9032002B0BDE8F08100BFE4
:103EE0006169D6F89400002900F0948040F0010048
:103EF000C6F89400FEF79AFE054600BFD6F8940077
:103F000080073FF588AFFEF791FE401B0228F5D9E8
:103F1000032002B0BDE8F081306880037FF575AF03
:103F2000606800287FF471AF3EE000BFB06D5FEACB
:103F3000C00808D4B06D40F08050B065B06D00F09E
:103F400080500190019847F20007C4F200073868DA
:103F5000C0052DD4386840F480703860FEF766FEE6
:103F6000054600BF3868C00522D4FEF75FFE401B3F
:103F70000228F7D9032002B0BDE8F081306840057F
:103F800001D5E06880B17068216920F0FE4040EA08
:103F90000160706040F20800C2F200000068FFF7A4
:103FA00051F900283FF434AF012002B0BDE8F081A0
:103FB000A168D6F89000012908D0052940F0AE800C
:103FC00040F00400C6F89000D6F8900040F00100E0
:103FD000C6F89000AEE000BFA169D6F898000029AD
:103FE00000F0868040F00100C6F89800FEF71EFE43
:103FF000054600BFD6F8980080073FF514AFFEF7DE
:1040000015FE401B02284FF00300F3D902B0BDE8B3
:10401000F08100BF20F00100C6F89400FEF706FE14
:10402000054600BFD6F8940080077FF5F4AEFEF792
:10403000FDFD401B0228F5D9032002B0BDE8F08148
:1040400020F4803030603068002920F48020306017
:1040500000F0BE80FEF7EAFD054600BF3068800331
:104060003FF5D3AEFEF7E2FD401B6428F6D90320EE
:1040700002B0BDE8F08100BF20F480703060FEF730
:10408000D5FD0546306840057FF5C2AEFEF7CEFD92
:10409000401B02284FF00300F4D9B7E7306820F046
:1040A00080703060FEF7C2FD022D05460CD100BFC6
:1040B0003068800140F1B880FEF7B8FD401B02284F
:1040C0004FF00300F4D9A1E73068800140F1EA80A5
:1040D000FEF7ACFD401B02284FF00300F4D995E732
:1040E0007068216920F0FE4040EA016070608FE650
:1040F00020F00100C6F89800FEF798FD054600BFC5
:10410000D6F8980080077FF58EAEFEF78FFD401B36
:1041100002284FF00300F3D978E700BF20F0010038
:10412000C6F89000D6F89000002920F00400C6F8E8
:1041300090005DD0FEF77AFD054641F2883700BF5A
:10414000D6F89000800765D4FEF770FD401BB8429A
:10415000F6D9032002B0BDE8F08100BFF068216A03
:1041600000F003028A427FF41FAF626A6FF00F0310
:1041700000F0F00103EB021291427FF415AFA16A47
:1041800000F4FE42B2EB012F7FF40EAFE16A00F0C3
:104190007842B2EBC16F7FF407AF226B0023CFF6FA
:1041A000E07303EA025200F4C001A2F5001291424A
:1041B0007FF4FAAE616B4FF07E4202EA016100F0DB
:1041C000C06001F17E4188427FF4EEAE71E000BF35
:1041D000FEF72CFD054600BF306880037FF515AE65
:1041E000FEF724FD401B64284FF00300F4D90DE7CF
:1041F000FEF71CFD054641F2883700BFD6F8900057
:10420000800707D5FEF712FD401BB8424FF00300B0
:10421000F4D9FBE6B8F1000F3FF501AEB06D20F028
:104220008050B065FBE500BFF06848F20C01C0F2B9
:104230009F1104F1200700EA010C8ECF6FF00F00F0
:10424000D4E90C5400EB02100022CFF6E07241EAF0
:104250000C0102EA05520843A2F500124FF07E4518
:1042600040EA032005EA0465104305F17E4540EA73
:10427000C7602843F060306840F080703060F068BC
:1042800040F08070F060FEF7D1FC04463068800199
:104290000FD4FEF7CBFC001B02284FF00300F5D92A
:1042A000B4E600BFF0684FF6FC71CFF6EE6108404F
:1042B000F060002002B0BDE8F0810000002804BFDB
:1042C00001207047416A19B100210161142104E005
:1042D0004168B1F5827F02D01C2100224250B0B566
:1042E0000025856290F85D1029B980F85C5004467D
:1042F00000F056F82046022180F85D100168D0F8E1
:104300000CE00B68BEF5E06F23F040030B6098BF34
:1043100001254EF40063B3F5706F4FEA053C1CBFF6
:1043200000258562D0E90154D0E9043205F4827594
:1043300004F404442C4403F002032344846902F08F
:104340000102C5691A4404F400731A4405F03803E5
:10435000056A1A4405F08003856A1A4405F400537F
:104360001A430A600422436A0EF4706502EA14429A
:10437000446B45EA0C0503F010032A4304F00804DB
:104380001A4322434A60CA6922F40062CA610021CA
:104390000122016680F85D20BDE8B0400846704704
:1043A00080B586B0006843F20002C4F20102002129
:1043B0009042CDE90411CDE90211019102D006B07D
:1043C00080BD00BF41F24C00C4F20200426942F4D9
:1043D00080524261426902F480520092009A02685F
:1043E00042F002020260006800F0020000900098B3
:1043F000382001900220CDE902010520059040F20D
:1044000000400491C4F6000001A9FEF721FB06B0AC
:1044100080BD00007047000070470000704700003A
:1044200090F83C20012A04BF02207047B0B5D1E9C2
:104430000232D1E900CE22F47C5223F4705343EAD5
:10444000020448F2FF73CEF6F0730EEA0302224331
:1044500003F5006404EA0C0442EA040C0C6903F559
:10446000C05222404C6942EA0C02224303F56054D8
:1044700022400C6B03F5F04323401A438B6940F252
:10448000000CCC69CEF6FF7C0CEA034C14430268A6
:1044900043F20043C4F201039A4244EA0C0305D0FC
:1044A00042F60044C4F20104A24217D14FF6FF7451
:1044B000CDF60F4403EA040ED1E9084CD1E90A31E4
:1044C0000025CDF6F04505EA035343EA0E0324F038
:1044D00008552B432CF000552B430B43002153640C
:1044E00080F83C100020B0BD70470000704700000D
:1044F0007047000090F83C20012A4FF002024AD099
:1045000070B580F83D20026843F2004C546893680F
:10451000C4F2010C42F6004E6245C4F2010E01D015
:10452000724503D14D6824F470042C434FF68F7507
:10453000CFF6FF550E682C4042F6FF35C4F2010558
:104540003443AA4254600FDCB2F1804F16D040F2DF
:104550000046C4F20006B24210D040F60006C4F293
:104560000006B2420AD00EE0724507D044F20006BF
:10457000C4F20106B24201D0624504D1896823F039
:104580008003194391600121002280F83D1080F8DA
:104590003C20BDE87040104670470000C1B10429BE
:1045A00008D0082914BF47224622825C012A05D080
:1045B00016E000BF4522825C012A11D1022208299F
:1045C00010D0042914BF80F8472080F845200BE064
:1045D00090F84420012A03D1022280F8442003E00D
:1045E0000120704780F84620026801F00F00042186
:1045F000136A01FA00F023EA00011162116A08430C
:104600001062506C42F6FF31C4F2010140F40040E8
:104610008A42506410DCB2F1804F1FD040F200405B
:10462000C4F20000824219D040F60000C4F200003B
:10463000824213D01FE000BF42F60040C4F20100E6
:1046400082420BD044F20000C4F20100824205D045
:1046500043F20040C4F2010082420CD1906807216D
:10466000C0F20101014006294FF00000B9D0B1F5B8
:10467000803F08BF7047106840F0010010600020C4
:104680007047000070470000002804BF01207047F9
:1046900010B5044690F83D0028B9002084F83C008D
:1046A000204600F023F8022084F83D002068211DF8
:1046B00001F060FF012084F8480084F83E0084F88F
:1046C0003F0084F8400084F8410084F8420084F8F8
:1046D000430084F8440084F8450084F8460084F8D8
:1046E000470084F83D00002010BD000080B582B076
:1046F000006841F20041C4F2000188421ED042F637
:104700000041C4F20101884225D141F25800C4F2AF
:1047100002008168002241F40061816080680F21FD
:1047200000F40060019001981920FEF74DFE192059
:1047300002B0BDE88040FEF735BE00BF41F2580030
:10474000C4F20200016841F020010160006800F03D
:1047500020000090009802B080BD000090F83D104D
:1047600001291DD1022180F83D10016842F6FF3277
:10477000C868C4F20102914240F00100C86011DC37
:10478000B1F1804F20D040F20040C4F200008142DD
:104790001AD040F60000C4F20000814214D020E09C
:1047A0000120704742F60040C4F2010081420BD064
:1047B00044F20000C4F20100814205D043F20040FF
:1047C000C4F2010081420CD188680722C0F20102C4
:1047D0000240062A4FF00000E3D0B2F5803F08BF48
:1047E0007047086840F00100086000207047000032
:1047F00090F83C20012A4FF0020200F0AC8080B516
:1048000080F83D20D0F800C08822DCF80830CFF6D0
:10481000CE721A40CCF808200B686F2B10DD1F22D7
:10482000C0F21002934237DCB3F5005F6EDA702BF2
:1048300000F0B680B3F5805F00F08480D8E000BF60
:104840002F2B35DD4F2B39DC302B6FD0402B40F038
:10485000CF80D1F804E0C968DCF82030DCF82020F3
:1048600022F00102CCF82020DCF8182022F0F0021F
:1048700042EA011123F00A0242EA0E02CCF81810B3
:10488000CCF82020DCF808104FF68872CFF6CF72F3
:104890001140473154E000BF3F21C0F210018B426C
:1048A0003ADC2021C0F210018B423FD0302139E0A8
:1048B000E3B3102B3AD0202B38D099E0502B4DD0B9
:1048C000602B40F09580D1F804E0C968DCF8203016
:1048D000DCF8202022F01002CCF82020DCF8182090
:1048E00022F4704242EA013123F0A00242EA0E12A1
:1048F000CCF81810CCF82020DCF808104FF688729D
:10490000CFF6CF72114067311AE000BF5CD0B3F12F
:10491000101F0BD06CE000BF4021C0F210018B4291
:1049200004D07021C0F210018B4261D1DCF8081074
:104930004FF68872CFF6CF721140194341F007014C
:10494000CCF808100022012180F83D10002180F8E9
:104950003C10BDE880401046704700BFD1F804E02D
:10496000C968DCF82030DCF8202022F00102CCF805
:104970002020DCF8182022F0F00242EA011123F096
:104980000A0242EA0E02CCF81810CCF82020DCF81B
:1049900008104FF68872CFF6CF7211405731CFE72B
:1049A000D1E901E3C968DCF8082043EA0E0322F4E8
:1049B0007F4243EA01211143CCF80810DCF80810CB
:1049C00041F07701BCE700BFD1E901E3C968DCF839
:1049D000082043EA0E0322F47F4243EA01211143F7
:1049E000CCF80810DCF8081041F48041A8E700BFBB
:1049F0000122A8E770470000F0B581B004460068C6
:104A0000C5680669B10717D515F0020114D06FF01B
:104A100002010161012121778069800704D02046CD
:104A2000FFF7E8FF06E000BF204600F04BF9204604
:104A300000F062FB00202077700719D515F0040004
:104A400016D020686FF0040101610221217780698E
:104A500010F4407F04D02046FFF7CCFF06E000BFF3
:104A6000204600F02FF9204600F046FB002020777A
:104A7000300717D515F0080014D020686FF0080132
:104A8000016104212177C069800703D02046FFF728
:104A9000B1FF05E0204600F015F9204600F02CFBA0
:104AA00000202077F00619D515F0100016D02068E8
:104AB0006FF01001016108212177C06910F4407F77
:104AC00004D02046FFF796FF06E000BF204600F026
:104AD000F9F8204600F010FB00202077F00718BFFF
:104AE00015F0010006D020686FF001010161204639
:104AF00000F0BAFB16F4025F05F0800718BF002F24
:104B000002D1F00509D410E020686FF40251016170
:104B10002046FFF781FCF00507D537B120686FF418
:104B2000807101612046FFF775FC700609D515F00C
:104B3000400006D020686FF040010161204600F07F
:104B40009DFBB00609D515F0200006D020686FF057
:104B5000200101612046FFF761FCF00209D515F440
:104B6000801006D020686FF4801101612046FFF7A5
:104B7000BDFCB00209D515F4001006D020686FF412
:104B8000001101612046FFF7AFFC700209D515F452
:104B9000800006D020686FF4800101612046FFF795
:104BA000A7FC30020CD515F4000009D021686FF481
:104BB000000220460A6101B0BDE8F040FFF762BD87
:104BC00001B0F0BD2DE9F04786B0006842F6004123
:104BD000C4F2010100268842CDE90466CDE90266EF
:104BE000019603D006B0BDE8F08700BF41F24C004B
:104BF000C4F20200016840F2004941F00401016082
:104C00000168C4F6000901F00401009100990168EF
:104C100001AC41F0020101600168022701F00201CC
:104C20000091009901684FF0040841F00101016012
:104C30000068214600F00100009000984FF40050F9
:104C4000019009F58060CDE902770496CDF81480D3
:104C5000FDF7FEFE4FF48040CDE9010703254FF03C
:104C6000060A4846214603970495CDF814A0FDF79F
:104C7000EFFE4FF40040CDE9010748462146CDE95B
:104C80000375CDF81480FDF7E3FE4FF4E060CDE945
:104C900001074FF090402146CDE90375CDF814A0EF
:104CA000FDF7D6FE4FF40060CDE901070B2005901B
:104CB0004FF090402146CDE90366FDF7C9FE06B0EE
:104CC000BDE8F0877047000090F83C30012B04BF2E
:104CD000022070474FEAB202052A00F2D3812DE983
:104CE000F041DFE812F0070035018D00E1005100CE
:104CF000870100BF03681D6A1A6AA3F1804622F08B
:104D000001021A621A465C6852F818CF8F68A6F53D
:104D10009636D1F800E025F002054FEAB626072EB8
:104D200045EA07050AD80127B74017F0E50F1FBF6E
:104D3000CF6825F00C0527F004073D43072E0BD85C
:104D4000012707FA06F616F0E50F1FBFD1E9056740
:104D500024F4407434433C434FF68C76CFF6FE7611
:104D60000CEA060747EA0E075C609F614F68096915
:104D70005F631D629F6947F008079F619F6927F085
:104D800004079F6173E100BF0368D3F820C01A6A6B
:104D9000A3F1804722F480321A621A46A7F59637AB
:104DA0005D6852F8508FD1F800E08E684FEAB7275F
:104DB000072F09D80124BC4014F0E50F1EBF4C6931
:104DC00025F4803545EA04252CF4003747EA0647E8
:104DD0004FF68C76CFF6FE76033606EA080646EAEC
:104DE0000E065D601E654E6809699E641F621F6D38
:104DF00047F008071F651F6D27F004071F6536E1A0
:104E0000036843F200461D6A1A6AC4F2010622F4DE
:104E100080721A621A46D3F804C052F81CEFB342EB
:104E20008E68D1F8008025F4007545EA062505D086
:104E300042F60046C4F20106B34207D1CE6840F202
:104E4000FF47360225F44065BE433543A3F1804653
:104E5000A6F596364FEAB626072E0CD8012707FA94
:104E600006F616F0E50F1FBFD1E905672CF4405494
:104E7000374344EA071C4FF68C74CFF6FE740EEAF3
:104E8000040747EA0807C3F804C0DF614F680969EF
:104E9000DF631D62DF6947F00807DF61DF6927F024
:104EA0000407DF61E3E000BF036843F200461D6AC8
:104EB0001A6AC4F2010622F480521A621A46D3F822
:104EC00004C052F81C8FB3428E68D1F800E025F47C
:104ED000005545EA063505D042F60046C4F2010603
:104EE000B34207D1CE6844F6FF77360325F4404538
:104EF000BE433543A3F18046A6F596364FEAB62663
:104F0000072E0CD8012707FA06F616F0E50F1FBF8B
:104F1000D1E905672CF44044374344EA871C48F63E
:104F2000FF44CFF6FF6404EA080444EA0E27C3F8FE
:104F300004C0DF614F6809691F641D62DF6947F4BF
:104F40000067DF61DF6927F48067DF618EE000BF03
:104F5000036843F200461D6A1A6AC4F2010622F091
:104F600010021A621A465C6852F818CFB3428E6873
:104F7000D1F800E025F0200545EA061505D042F6F7
:104F80000046C4F20106B34207D1CE686FF0400775
:104F900025F0C00507EA06163543A3F18046A6F5BD
:104FA00096364FEAB626072E0CD8012707FA06F6E2
:104FB00016F0E50F1FBFD1E9056724F440643E43B6
:104FC00044EA860448F6FF46CFF6FF660CEA060779
:104FD00047EA0E275C609F614F6809699F631D6205
:104FE0009F6947F400679F619F6927F480679F610D
:104FF0003CE000BF0368D3F820C01A6AA3F18047E1
:1050000022F480121A621A46A7F596375D6852F8A4
:10501000508FD1F800E08E684FEAB727072F09D8E4
:105020000124BC4014F0E50F1EBF4C6925F4802517
:1050300045EA84252CF4001747EA065748F6FF4650
:10504000CFF6FF6606F5407606EA080646EA0E2623
:105050005D601E654E680969DE641F621F6D47F45E
:1050600000671F651F6D27F480671F6509021368BD
:10507000194311600021BDE8F041002280F83C2076
:10508000084670470121002280F83C2008467047FE
:10509000002804BF0120704710B5044690F83D0079
:1050A00028B9002084F83C00204600F023F80220B4
:1050B00084F83D002068211D01F05CFA012084F88D
:1050C000480084F83E0084F83F0084F8400084F8EB
:1050D000410084F8420084F8430084F8440084F8D6
:1050E000450084F8460084F8470084F83D0000201D
:1050F00010BD0000704700007047000080B5D9B1B6
:105100000B1F4FEAB30E43224FF03F0CBEF1040FCA
:1051100038BF0CEBB302825C012A1CBF012080BDAA
:10512000BEF1030F1ED8DFE80EF00319111500BF02
:10513000022280F83F2018E090F83E20012A1CBF90
:10514000012080BD022280F83E200EE0022280F87D
:1051500041200AE0022280F8422006E0022280F884
:10516000402002E0022280F84320026801F01F0183
:105170000120136A00FA01F18B431362136A0B4397
:10518000A2F18041A1F596314FEAB12106291362BF
:1051900044D8884010F0650F40D0506C42F6FF3183
:1051A000C4F2010140F400408A42506410DCB2F1C4
:1051B000804F1FD040F20040C4F20000824219D05C
:1051C00040F60000C4F20000824213D01FE000BF8E
:1051D00042F60040C4F2010082420BD044F20000CB
:1051E000C4F20100824205D043F20040C4F2010043
:1051F00082420CD190680721C0F2010101400629CA
:105200004FF0000008D0B1F5803F08BF80BD1068A6
:1052100040F001001060002080BD00BF42F6FF306A
:10522000C4F201008242C2DD43F6FF70C4F2010005
:10523000824207DC42F60040C4F201008242D3D130
:10524000D8E700BF44F20000C4F201008242D1D08E
:1052500044F60000C4F20100824202BF506C40F4E8
:1052600000405064D3E70000006840F60001C4F23B
:105270000001884218BF7047FDF7C6BF70470000A5
:1052800090F88410012904BF022070472421C0F83F
:10529000881001680A680B6822F0005223F00103AD
:1052A0000B60002343660A602021C0F8881080F854
:1052B00084300020704700007047000070470000F5
:1052C00090F88420012A04BF02207047B0B5242240
:1052D000C0F888200268D0F864E0D2F800C01368F3
:1052E000BEF1000F23F001031360936823F06063A5
:1052F00041EA0301916019D0936891684BF2083E2E
:10530000490FC0F6000E4BF210351EF80140C0F6F2
:105310000005695CC3F34263E400B4FBF1F11EF8DD
:105320000340EB5CE500B5FBF3F301E00121012351
:10533000A0F86A102021A0F86830C2F800C0C0F8B8
:105340008810002180F884100020B0BD90F88420DF
:10535000012A04BF02207047B0B52422C0F888207B
:105360000268D0F864E0D2F800C01368BEF1000F04
:1053700023F001031360936823F0604341EA0301C3
:10538000916019D0936891684BF2083E490FC0F6BE
:10539000000E4BF210351EF80140C0F60005695CA6
:1053A000C3F34263E400B4FBF1F11EF80340EB5C8D
:1053B000E500B5FBF3F301E001210123A0F86A1039
:1053C0002021A0F86830C2F800C0C0F88810002181
:1053D00080F884100020B0BD7047000070470000C6
:1053E0007047000070B5026840F62F04D369116859
:1053F00096681C40202C0BD101F0200406F080554B
:105400002D1916D0416F61B3BDE87040084700BF49
:1054100040F60F052B420CD00125C1F2000506EA2B
:10542000050C40F22015C0F200450D4015EB0C05AF
:1054300024D1C46EDD0615D5012C13D111F0100551
:1054400010D0102111629168490661D4B0F85C1047
:10545000B0F85E20B0F85E30002B18BF914240F0EB
:10546000518270BDDD0215D516F4800512D04FF4BF
:1054700080111162BDE87040FFF7B0BFDD0718BFB3
:1054800011F4807540F020819D0706F0010E00F1B7
:10549000278130E11A0606D501F0800206F40006E5
:1054A000921940F0AF825A0640F1028111F0400299
:1054B00000F0FE80016851E8001F026821F0400101
:1054C00042E80013DBB1016851E8001F026821F0D7
:1054D000400142E8001393B1016851E8001F0268DF
:1054E00021F0400142E800134BB1016851E8001F70
:1054F000026821F0400142E80013002BDAD120219C
:10550000C0F8881000218167BDE8704000F096BBAC
:10551000D0F880100A685368B0F85C4099B200294E
:1055200000F0B880A14280F0B580A0F85E3011682C
:10553000890600F1A38000BF016851E8001F0268DE
:1055400021F4807142E80013E3B1016851E8001FC3
:10555000026821F4807142E800139BB1016851E8B0
:10556000001F026821F4807142E8001353B1016802
:1055700051E8001F026821F4807142E80013002BFB
:10558000DAD100BF016851E8021F026821F0010171
:1055900042E80213BBB3016851E8021F026821F020
:1055A000010142E8021373B3016851E8021F026867
:1055B00021F0010142E802132BB3016851E8021FF8
:1055C000026821F0010142E80213002BDAD11AE04F
:1055D000016851E8021F026821F0400142E802130D
:1055E000DBB1016851E8021F026821F0400142E886
:1055F000021393B1016851E8021F026821F04001D3
:1056000042E802134BB1016851E8021F026821F021
:10561000400142E80213002BDAD12021C0F88C109F
:105620000021C166016851E8001F026821F01001E5
:1056300042E80013DBB1016851E8001F026821F065
:10564000100142E8001393B1016851E8001F02689D
:1056500021F0100142E800134BB1016851E8001F2E
:10566000026821F0100142E80013002BDAD1D0F8D3
:10567000801004460846FDF71DF820460221016708
:10568000B0F85C10B0F85E20891A89B2BDE87040AD
:10569000FFF712BE8C427FF4E4AE126892067FF5EB
:1056A000E0AE02220267BDE87040FFF705BE00BF12
:1056B0001A0240F1B38111F0804200F0AF81BDE8E1
:1056C0007040FFF789BE00BF01251562D0F89050E9
:1056D00045F00105C0F890509D0706F0010E0AD56F
:1056E000BEF1000F07D002241462D0F8904044F0BD
:1056F0000404C0F890405C070AD5BEF1000F07D043
:1057000004251562D0F8905045F00205C0F890507D
:105710001D070CD501F0200555EA0C0507D008251A
:105720001562D0F8905045F00805C0F890501D055E
:105730000BD511F0806508D04FF400651562D0F8E4
:10574000905045F02005C0F89050D0F89050002DB2
:105750003FF487AE9B060BD501F0200106F0805385
:10576000C91805D0416F19B1044688472268204600
:10577000D0F89010926801F0280102F040028918D8
:1057800006D10446FFF72CFE0020C4F8900070BD3F
:10579000016851E8001F026821F4907142E800138B
:1057A000DBB1016851E8001F026821F4907142E802
:1057B000001393B1016851E8001F026821F4907151
:1057C00042E800134BB1016851E8001F026821F460
:1057D000907142E80013002BDAD14FF6FE71CEF63D
:1057E000FF7100BF026852E8022F03680A4043E8D5
:1057F0000226C6B1026852E8022F03680A4043E855
:10580000022686B1026852E8022F03680A4043E884
:10581000022646B1026852E8022F03680A4043E8B4
:105820000226002EDED1C16E012924D1016851E883
:10583000001F026821F0100142E80013DBB101688B
:1058400051E8001F026821F0100142E8001393B1F3
:10585000016851E8001F026821F0100142E80013BE
:105860004BB1016851E8001F026821F0100142E8C5
:105870000013002BDAD12021C0F88C100021C16662
:10588000026841679168490640F1C480016851E8A7
:10589000021F026821F0400142E80213DBB10168F7
:1058A00051E8021F026821F0400142E8021393B15F
:1058B000016851E8021F026821F0400142E802132A
:1058C0004BB1016851E8021F026821F0400142E833
:1058D0000213002BDAD1D0F88010002900F09A8052
:1058E00046F6FD02C0F60002044608468A63FCF74D
:1058F00019FF00283FF4B5ADD4F88000816BBDE8F6
:1059000070400847891A00BF026852E8002F0368F8
:1059100022F4907243E80026DEB1026852E8002FBC
:10592000036822F4907243E8002696B1026852E8B8
:10593000002F036822F4907243E800264EB10268FB
:1059400052E8002F036822F4907243E80026002EEC
:10595000DAD14FF6FE72CEF6FF7200BF036853E84D
:10596000023F0668134046E80235C5B1036853E8B4
:10597000023F0668134046E8023585B1036853E8E4
:10598000023F0668134046E8023545B1036853E814
:10599000023F0668134046E80235002DDED1202282
:1059A000C0F88C200022C266426700BF026852E83D
:1059B000002F036822F0100243E80026DEB10268DF
:1059C00052E8002F036822F0100243E8002696B147
:1059D000026852E8002F036822F0100243E8002614
:1059E0004EB1026852E8002F036822F0100243E82B
:1059F0000026002EDAD1022289B20267BDE870408B
:105A0000FFF75ABC816F00293FF42BADBDE8704011
:105A1000084700BFBDE87040FFF7E2BCDA017FF540
:105A200020ADB1F1FF3FC8BF70BDBDE87040FFF7CA
:105A300045BC00002DE9F04397B0044601A80025BD
:105A400008303C211695CDE91455CDE91255FAF7E9
:105A5000BFFE206843F60001C4F20101884203D072
:105A600017B0BDE8F08300BF0120CDE9010501A812
:105A7000FDF774FE002818BFFBF7FEFB41F24C0057
:105A8000C4F20200416940F2440841F4804141619E
:105A90004169002701F48041009100990168C4F236
:105AA000020841F002010160006812A900F0020042
:105AB00000900098C020129012201390072016909A
:105AC00040F20040C4F60000CDE91477FCF7C0FFB7
:105AD00040F2904508F58560C2F2000518214FF0AC
:105AE000800985E883004FF480562846C5E903798C
:105AF000C5E90577EF612E62FCF7AAFE002818BF02
:105B0000FBF7BAFBC4F88050AC6240F2F045C2F239
:105B1000000519201021C5E9008005F1080080E882
:105B200082022846C5E90577C5E90776FCF790FEAD
:105B3000002818BFFBF7A0FB252001210022E56704
:105B4000AC62FDF741FC2520FDF72CFC17B0BDE849
:105B5000F0830000D0F88830202B09D1944600292A
:105B60004FF0010218BFBCF1000F05D1104670477D
:105B700002221046704700BFB0B500222123016504
:105B8000A0F854C0A0F856C0C0F89020C0F88830E3
:105B9000C36F2BB346F60D15C0F6000546F6E92493
:105BA00046F6993E5D630568C0F60004C0F6000E37
:105BB000C3E90B4E9A6305F1280204461846634672
:105BC000FCF7D2FE0146204651B11021C0F89010DA
:105BD0002021C0F888100122BDE8B040104670476F
:105BE000016840220A6200BF016851E8021F026892
:105BF00041F0800142E80213DBB1016851E8021F65
:105C0000026841F0800142E8021393B1016851E853
:105C1000021F026841F0800142E802134BB10168A3
:105C200051E8021F026841F0800142E80213002B94
:105C3000DAD10022BDE8B04010467047704700003E
:105C40007047000070B50446006815468369DA069F
:105C500002D40021002266E00E461021C161816954
:105C600089065CD4711C50D02EBBFCF7DFFF206886
:105C7000426894F8421083691B040BD512F48042E9
:105C800008D1202906D0416841F480414160FCF7E9
:105C9000CDFF054620688169890605D4FCF7C6FF5B
:105CA000401B1A28F6D328E081698906DDD536E045
:105CB0008169890633D4FCF7B9FF411B2068B142E2
:105CC000F6D9426894F8421083691B040CD512F48B
:105CD000804209D1202907D0416841F480414160C8
:105CE000FCF7A4FF054600BF206881698906DFD460
:105CF000FCF79CFF401B1A28F6D32068012281691B
:105D0000242110E08169890609D48169890606D4B5
:105D1000816989065CBF81695FEA8161F2D52021D2
:105D2000C161012204218369DE0505D54FF480722B
:105D300041F00101C26101225E0505D49B050AD430
:105D400072B9002070BD00BF41F008014FF48062BD
:105D50009B05C26104D541F002014FF40072C2619B
:105D60008269920744BF002282628269D20703D10E
:105D7000826942F00102826142684EF60003CFF66A
:105D800000631A404260606C08436064202084F81D
:105D90004100002084F8420084F84000012070BDDA
:105DA0002DE9F0410446006880690840401AB0FAC5
:105DB00080F04009904221D1DDF8188015460E464A
:105DC0001F46581C27D0CFBB204600214246FFF774
:105DD00039FF002853D1FCF729FF20688169314041
:105DE000891BB1FA81F14909A9423CD08069304050
:105DF000801BB0FA80F04009A842E5D00020BDE841
:105E0000F08100BF206880693040801BB0FA80F0CC
:105E10004009A842F2D120464FF0FF314246FFF739
:105E200011FF0028EED00120BDE8F08180693040EC
:105E3000801BB0FA80F04009A842DFD120463946E5
:105E40004246FFF7FFFED0B9FCF7F0FEA0EB0801D9
:105E50002068B942EAD981693140891BB1FA81F1E0
:105E60004909A942E2D1606C40F020006064202022
:105E700084F84100002084F8420084F840000120AA
:105E8000BDE8F0812DE9F04F81B0044600684FF085
:105E900000088069002740074CD44EF600091546DB
:105EA0008A464FF0200BCFF6006900BF20465146CE
:105EB0002A46FFF7C7FE21680746002818BF0127BA
:105EC0008A69F0B912F020001BD088698A69D2066D
:105ED00006D4400748BF4746C4F8448011E000BFDD
:105EE0001020C86104206064C1F81CB04868012714
:105EF00000EA0900486084F841B084F8428084F8E0
:105F000040805646BAF1000F18BF0126FCF78EFEFE
:105F1000401B0021504598BF012120680E4208BF58
:105F2000002F02D18169490708D58069400701D453
:105F3000002FBBD0384601B0BDE8F08F616C01275F
:105F400041F020016164202184F84110002184F88F
:105F500040108069384601B0BDE8F08F70B5044646
:105F600000688069800635D415460E4619B928E0C8
:105F7000806980062ED4204631462A46FFF762FE0D
:105F800030BBFCF753FE411B2068B142F0D9816958
:105F90008906EDD4606C40F020006064202084F815
:105FA0004100002084F8420084F84000012070BDC8
:105FB000FCF73CFE206881698906EBD58069800684
:105FC00008D4204600212A46FFF73CFE0028EFD0E7
:105FD000012070BD002070BD70B504460068806966
:105FE000800714D415460E46481C17D01EBB00BFB0
:105FF000204600212A46FFF725FEB8BBFCF716FE17
:1060000020688169890725D580698007F0D500203F
:1060100070BD00BF206880698007F8D420464FF02B
:10602000FF312A46FFF70EFE0028F3D0012070BD95
:1060300080698007EBD4204631462A46FFF702FEEE
:10604000A0B9FCF7F3FD411B2068B142F0D981698A
:106050008907EDD4606C40F020006064202084F853
:106060004100002084F8420084F84000012070BD07
:10607000FEE70000FEE7000030EE601ABDEEC10A48
:1060800010EE100A002848BF4042022840F2CC20FF
:106090009FED270AC2F2000040F2100138BFB0EEB7
:1060A000401A90ED0B0AC2F2000191ED0E5A31EE4A
:1060B000004AB4EE454A90ED0C2A90ED0D3A91ED70
:1060C0000C0A91ED0D6AF1EE10FAC8BFB0EE454A28
:1060D000B1EE455AB4EE454AF1EE10FAB8BFB0EE53
:1060E000454A26EE045A20EE010A31EE422A30EEED
:1060F000050A23EE022A32EE000A9FED0E2A80EDF9
:106100000A0AB4EE420AF1EE10FA80ED0B4A80ED75
:106110000C1A07DC9FED082AB4EE420AF1EE10FAE1
:10612000A8BF7047B0EE420A80ED0A2A704700BF50
:106130000000000000007A4400007AC440F25C14C1
:1061400040F22835C2F20004C2F20005E0694FF0C7
:10615000FF3102F089FDD5ED0B0A95ED0D0AFFF731
:106160008BFF85ED0F0AF1E74CF2AC5200230021C2
:10617000C3F22762C4F24013C0E90011C0E9022350
:1061800070470000000000002DE9F04F81B02DEDB8
:10619000048B82B0016840F2683490ED010AB0EEE1
:1061A000081AC2F20004B0EE412A216084ED010A0F
:1061B000B1EEC22A94ED003A94ED014A22EE032A90
:1061C000B1EEC11A94ED003A32EE442A94ED014A40
:1061D000B6EE008A21EE431A22EE082A31EE441A66
:1061E000B5EE400A002121EE081AF1EE10FAC8BF00
:1061F0000121B5EE402A00220020F1EE10FAC8BFBE
:106200000122B5EE401A41EA4201F1EE10FAC8BF90
:10621000012041EA800520462946FAF7ABFE681EB8
:10622000052845D894ED020A94ED042A94ED053A28
:1062300030EE420A30EE430AB5EE001A20EE011AA3
:1062400022EE080A30EE012A23EE080A30EE028A16
:10625000DFE800F0041E12180A2600BFB0EE420A62
:10626000B0EE419A2AE000BFB0EE480AB0EE419A83
:10627000B0EE428A22E000BFB0EE410AB0EE429A90
:106280001CE000BFB0EE480AB0EE429A0CE000BF3E
:10629000B0EE410AB0EE489AB0EE428A0EE000BF7E
:1062A000B0EE420AB0EE489AB0EE418A06E000BF76
:1062B0009FED3F0AB0EE409AB0EE408A84ED060AA8
:1062C00030EE000A10EE100A84ED079A84ED088A79
:1062D00004F0A8FE9FED300B54EC109B4A46234679
:1062E000019404F073FA9FED2E0B5AEC10BB5A4642
:1062F000534604F0ABFC9FED2C0B56EC107B3A465A
:10630000334604F0AFF904F0F9FB40F27F7839EE40
:10631000090A0546404510EE100AA8BF454604F09C
:1063200081FE4A46234604F051FA5A46534604F089
:106330008DFC3A46334604F095F904F0DFFB38EE65
:10634000080A0446404510EE100AA8BF444604F06F
:1063500069FE019B4A4604F039FA5A46534604F056
:1063600075FC3A46334604F07DF904F0C7FB40F271
:106370000C61C2F2000109684045B8BF80464D6318
:106380008C63C1F83C8002B0BDEC048B01B0BDE869
:10639000F08F00BF00BF00BFF168E388B5F8C43ECE
:1063A0000000000000409F40000000000000F0BF1F
:1063B0000000000040F2CC20C2F2000040F21001C8
:1063C00090ED091AC2F2000130EE600A91ED0B3A2D
:1063D00030EE011AB4EE431A91ED092A91ED0A4A02
:1063E000F1EE10FAC8BFB0EE431AB1EE433AB4EE84
:1063F000431AF1EE10FAB8BFB0EE431A80ED091A55
:1064000024EE011A22EE000A30EE010AB1EE001A63
:10641000B4EE410AF1EE10FAC8BFB0EE410AB9EE8F
:10642000001AB4EE410AF1EE10FAB8BFB0EE410A1C
:1064300080ED080A7047000040F25C149FED148A5A
:106440009FED149A40F228350026C2F20004C2F2F1
:10645000000500BFA0694FF0FF3102F005FC0136D6
:10646000F0B20528F6D195ED0B0AF0EE480AB0EE31
:10647000491AFAF78DFEF0EE400A95ED0F0AC5EDC8
:106480000E0AFFF797FF85ED030A0026E2E700BF3B
:10649000000000000AD7A33B80B502F0E1F803F04A
:1064A0009FF8BDE8804002F0E9B8000041F20C001E
:1064B000C4F2020050F8041C01F00C0240F24C013E
:1064C000042AC2F200012BD0082A23D00C2A2DD195
:1064D0000268036802F00302C3F3031303F1010C23
:1064E00041F20023C0F27A03022A04BF42F20043C1
:1064F000C0F2F4030268B3FBFCFC0368C2F306229B
:1065000002FB0CFCC3F34163022202EB4302BCFB1F
:10651000F2F209E041F20022C0F27A0204E000BF88
:1065200042F20042C0F2F4020A6000E00A6850F849
:10653000040C4BF2C813C0F30310C0F60003185C40
:1065400022FA00F0086070474EF68850CEF2000044
:10655000016841F4700101607047000040F20C6076
:10656000C2F20000FEF748BA40F25860C2F20000E2
:10657000FEF742BA40F2FF7C0268C4F2000C6045AC
:1065800024DD40F60003C4F20003984227D043F212
:106590000043C4F20103984221D042F60043C4F202
:1065A000010398421BD043F2FF33C4F20103984227
:1065B0001FDC604530DCB0F1804F47D040F2004333
:1065C000C4F20003984241D044E000BFB0F1804FD4
:1065D00005D040F20043C4F200039842E3D14B6877
:1065E00022F070021A4343F2FF33C4F201039842CF
:1065F000DFDD44F2FF33C4F2010398421ADC43F2B8
:106600000043C4F20103984220D044F20003C4F2D4
:10661000010398421AD01DE040F60003C4F20003C3
:10662000984213D042F60043C4F2010398420DD0C1
:1066300010E000BF44F60003C4F20103984205D005
:1066400044F20043C4F20103984203D1CB6822F420
:1066500040721A4380B54B6922F0800E8A6843EA83
:106660000E03D1F800C00360C262A0F18042A2F51F
:1066700096324FEAB222072AC0F828C0BDE880400F
:1066800007D8012303FA02F212F0E50F1CBF0969D3
:106690000163012141610169C90708BF70470169B0
:1066A00021F0010101617047816A0A070CD4CA0711
:1066B00015D18A071ED44A0727D4CA0630D48A06C1
:1066C00039D44A0642D457E00268D0F838C053683B
:1066D00023F4004343EA0C035360CA07E9D002687D
:1066E000D0F82CC0536823F4003343EA0C03536002
:1066F0008A07E0D50268D0F830C0536823F48033AD
:1067000043EA0C0353604A07D7D50268D0F834C077
:10671000536823F4802343EA0C035360CA06CED5A2
:106720000268D0F83CC0936823F4805343EA0C031A
:1067300093608A06C5D50268D0F840C0936823F4F8
:10674000005343EA0C0393604A0615D5D0F800C005
:10675000436CDCF80420B3F5801F22F4801242EA77
:106760000302CCF8042007D1DCF80420836C22F467
:10677000C0021A43CCF80420090658BF70470168CC
:10678000C06C4A6822F40022104348607047000041
:10679000B0B582B004460020C4F89000FCF746FA79
:1067A000216805460A68120737D56FF07E4C2046EF
:1067B0004FF4001100222B46CDF800C000F03CFB46
:1067C00050B300BF206850E8000F216820F080001F
:1067D00041E80002DAB1206850E8000F216820F09B
:1067E000800041E8000292B1206850E8000F216863
:1067F00020F0800041E800024AB1206850E8000F14
:10680000216820F0800041E80002002ADAD103204C
:10681000202188226BE000BF2168086840075DD511
:106820006FF07E4C20464FF4800100222B46CDF8BD
:1068300000C000F001FB002850D000BF206850E8E5
:10684000000F216820F4907041E80002BAB320687C
:1068500050E8000F216820F4907041E8000272B304
:10686000206850E8000F216820F4907041E8000291
:106870002AB3206850E8000F216820F4907041E8A6
:106880000002002ADAD11AE0206850E8020F2168DD
:1068900020F0010041E80202DAB1206850E8020F5E
:1068A000216820F0010041E8020292B1206850E81E
:1068B000020F216820F0010041E802024AB120687D
:1068C00050E8020F216820F0010041E80202002A8E
:1068D000DAD1032020218C2209E000BF2020C4F857
:1068E0008800C4F88C00002170220020E166A150CD
:1068F000002184F8841002B0B0BD0000806A00213D
:10690000A0F85E10A0F85610FEF76ABD806A026813
:10691000D0F88830D0F88CC09168090653D5212B67
:1069200051D10021A0F85610016851E8001F0268FB
:1069300021F0C00142E80013BBB3016851E8001F19
:10694000026821F0C00142E8001373B3016851E806
:10695000001F026821F0C00142E800132BB3016858
:1069600051E8001F026821F0C00142E80013002B2B
:10697000DAD11AE0016851E8021F026821F400012F
:1069800042E80213DBB1016851E8021F026821F4FA
:10699000000142E8021393B1016851E8021F026846
:1069A00021F4000142E802134BB1016851E8021FD3
:1069B000026821F4000142E80213002BDAD1202101
:1069C000C0F8881002689168490640F18480BCF1E3
:1069D000220F40F080800021A0F85E10016851E88D
:1069E000001F026821F4907142E80013DBB10168D6
:1069F00051E8001F026821F4907142E8001393B13E
:106A0000016851E8001F026821F4907142E8001308
:106A10004BB1016851E8001F026821F4907142E80F
:106A20000013002BDAD14FF6FE7CCEF6FF7C00BFC0
:106A3000026852E8022F036802EA0C0243E80221CE
:106A4000D9B1016851E8021F026801EA0C0142E86D
:106A5000021393B1016851E8021F026801EA0C01B8
:106A600042E802134BB1016851E8021F026801EAD3
:106A70000C0142E80213002BDAD1C16E012924D1A6
:106A8000016851E8001F026821F0100142E800137C
:106A9000DBB1016851E8001F026821F0100142E8F3
:106AA000001393B1016851E8001F026821F0100142
:106AB00042E800134BB1016851E8001F026821F061
:106AC000100142E80013002BDAD12021C0F88C100D
:106AD0000021C1664167D0F8901041F01001C0F864
:106AE0009010FEF77DBC00000168806A0968890685
:106AF00048BFFFF7A3B80021A0F85610016851E87D
:106B0000021F026821F0800142E8021383B301688A
:106B100051E8021F026821F0800142E802133BB3F2
:106B2000016851E8021F026821F0800142E8021367
:106B3000F3B1016851E8021F026821F0800142E8C8
:106B40000213002BDAD113E0016851E8001F02683C
:106B500041F0400142E80013002B08BF7047016874
:106B600051E8001F026841F0400142E8001393B170
:106B7000016851E8001F026841F0400142E800133B
:106B80004BB1016851E8001F026841F0400142E842
:106B90000013002BD8D17047806AFFF751B800006E
:106BA00070B5054605F108041ECC0068194341EA9A
:106BB0000403EE69046846F6F311CCF6FF71214038
:106BC000194331430160416848F2000C21F44051FF
:106BD00011434160AA69C4F2000C60451CBF296AD8
:106BE0000A4381684FF2FF43C1F2FF13194011437A
:106BF0008160C16AD5F824E021F00F0141EA0E015D
:106C0000C16244F6FF31C4F2000188424FF0100324
:106C100014DD44F60041C4F20001884222D06045F0
:106C200028D043F60001C4F20101884238D141F274
:106C30008801C4F202010B687BA22DE044F20041FE
:106C4000C4F2000188421DD044F60001C4F20001E4
:106C5000884225D141F28801C4F2020109680B097A
:106C600016E000BF41F28801C4F2020109688B09F5
:106C70000EE000BF41F28801C4F2020109688B0AEC
:106C800006E000BF41F28801C4F2020109688B08E6
:106C90004BF2F822C0F6000203F0030152F8213053
:106CA000604542F20040C0F2F40015D0B6F5004F46
:106CB00022D1082B4FF0010100F2AD80DFE803F094
:106CC000065C74AB64ABABAB720000BFFDF720F8A1
:106CD000002840F05D809AE0082B4FF0010100F29F
:106CE0009A80DFE803F0059825981B989898230070
:106CF000FDF70EF8B0B98AE0082B4FF0010100F261
:106D00008A80DFE803F0053D6F88498888886D0038
:106D1000FCF7FEFF002842D179E000BFFDF724F820
:106D2000002874D0D5F824E002E000BF4FF4004002
:106D30004BF2E011C0F6000131F81E106A68B0FB9A
:106D4000F1F002EB420188424FF0010163D31303DB
:106D5000984260D8010E000210EB520041F1000190
:106D60000023F9F7BBFB4FF60052A0F54071C0F2CB
:106D70000F02914249D34DE0FCF7E0FF40B946E0F5
:106D8000FCF7DCFF58B942E0FCF7EEFF00283ED0EC
:106D9000D5F824E008E000BFFCF7E6FFB8B3D5F86B
:106DA00024E01FE04FF400404BF2E011C0F6000178
:106DB00031F81E106A68B0FBF1F0510801EB400099
:106DC000B0FBF2F04FF6EF72A0F11001914221D822
:106DD0004FF6F0710140C0F34200084415E000BFD7
:106DE0004FF400404BF2E011C0F6000131F81E10E4
:106DF0004FF6EF72B0FBF1F0696800EB5100B0FBA9
:106E0000F1F0A0F11001914204D82968C860002176
:106E100001E000BF01214FF00110A86600220846E2
:106E20006A67AA6770BD00BF01000000040000008F
:106E300002000000080000002DE9F04180460068D3
:106E40001546C2690E461140891BB1FA81F1490904
:106E5000A94223D1069C2CB3611C29D1C1693140C0
:106E6000891BB1FA81F14909A94217D1C1693140A1
:106E7000891BB1FA81F14909A9420FD1C169314099
:106E8000891BB1FA81F14909A94207D1C169314091
:106E9000891BB1FA81F14909A942DFD00020BDE880
:106EA000F08100BFFBF7C2FE0320BDE8F08100BF08
:106EB0001F4607E0C0693040801BB0FA80F04009EF
:106EC000A842EBD1FBF7B2FEC01BA04200F2AE809D
:106ED000D8F8000001684907ECD5402EEAD0802E92
:106EE000E8D0C169090700F1A580C1690905E1D5AC
:106EF0004FF400610162D8F8000050E8000FD8F8A4
:106F0000001020F4907041E800020AB3D8F80000A5
:106F100050E8000FD8F8001020F4907041E800020B
:106F2000B2B1D8F8000050E8000FD8F8001020F4F3
:106F3000907041E800025AB1D8F8000050E8000F04
:106F4000D8F8001020F4907041E80002002AD2D155
:106F50004FF6FE70CEF6FF70D8F8001051E8021F11
:106F6000D8F80020014042E80213F3B1D8F800102D
:106F700051E8021FD8F80020014042E80213A3B1F3
:106F8000D8F8001051E8021FD8F80020014042E86C
:106F9000021353B1D8F8001051E8021FD8F80020AE
:106FA000014042E80213002BD6D1D8F86C0001282A
:106FB0002CD1D8F8000050E8000FD8F8001020F0CD
:106FC000100041E800020AB3D8F8000050E8000FB2
:106FD000D8F8001020F0100041E80002B2B1D8F853
:106FE000000050E8000FD8F8001020F0100041E831
:106FF00000025AB1D8F8000050E8000FD8F800108D
:1070000020F0100041E80002002AD2D12020002107
:10701000C8F88C00C8F86C10C8F87410C8F8900054
:10702000032088F88410BDE8F08100BF0320BDE88C
:10703000F08100BF08210162D8F8000050E8000F7D
:10704000D8F8001020F4907041E800020AB3D8F894
:10705000000050E8000FD8F8001020F4907041E8CC
:107060000002B2B1D8F8000050E8000FD8F80010C4
:1070700020F4907041E800025AB1D8F8000050E8BE
:10708000000FD8F8001020F4907041E80002002AA8
:10709000D2D14FF6FE70CEF6FF70D8F8001051E84E
:1070A000021FD8F80020014042E80213F3B1D8F8DB
:1070B000001051E8021FD8F80020014042E80213F6
:1070C000A3B1D8F8001051E8021FD8F80020014001
:1070D00042E8021353B1D8F8001051E8021FD8F863
:1070E0000020014042E80213002BD6D1D8F86C00F2
:1070F00001282CD1D8F8000050E8000FD8F8001073
:1071000020F0100041E800020AB3D8F8000050E86F
:10711000000FD8F8001020F0100041E80002B2B1D2
:10712000D8F8000050E8000FD8F8001020F0100048
:1071300041E800025AB1D8F8000050E8000FD8F832
:10714000001020F0100041E80002002AD2D12020D7
:10715000C8F88C0000200821C8F86C00C8F874003A
:10716000C8F8901088F884000120BDE8F081000084
:1071700040F2F060C2F20000FEF734B9FEE7000012
:10718000002804BF00207047C1B209B101200CE003
:1071900010F47F4102D0090A092006E010F47F01B3
:1071A00007BF010E1920090C11204BF2F812C0F68E
:1071B0000002515C0844704740F22830C2F20000DF
:1071C00090ED0D0A9FED031A30EE010A80ED0D0AD5
:1071D000704700BF0000C84240F22830C2F20000F1
:1071E00090ED0D0A9FED031A30EE010A80ED0D0AB5
:1071F000704700BF0000C8C2704700007047000021
:1072000000EB81008260704770B50D46282114465E
:107210000646F9F7DDFA8020B0707560A847F1786E
:1072200001F03F0141EAC01004F0010140EA811081
:10723000F07070BD40F25051C2F200010A68AAB16C
:10724000134600BF834204BF4FF0FF3070475B6AB4
:1072500063B183420ED05B6A43B183420AD05B6A5A
:1072600023B1834206D05B6A002BEBD142620860F7
:10727000002070474FF0FF30704700002DE9F04FBD
:1072800081B040F25050C2F200000468002C00F0BF
:10729000098145F6294B45F62847002501264FF080
:1072A000050A4FF042084FF03109CCF28F2BC0F2A3
:1072B0008F270CE0E2681030A0706AB32046904738
:1072C000E17829E0E070646A002C00F0EB806068EF
:1072D0008047E278510702D0218801312180B0EB4C
:1072E000D21F02F0C7010CD006EBD20303F0070354
:1072F00041EAC301032BE17004D302F0470141EAE4
:10730000C011E17001F00700052805D8DFE800F0A2
:10731000083E1E56046200BF01F0F800D2E700BF2D
:10732000A378C8B2C1F38012B2EBD01F03F00F00F4
:1073300040F08080A268A070002A00F0A380204660
:107340009047A078E17866F303009CE0C8B2C1F3EF
:107350008012B2EBD01F59D1A078A16800F00F00C5
:10736000A07011B120468847A078411C01F00F029F
:10737000216900F0F0001044A07009B12046884750
:10738000E078258000F0F80003309BE7C8B2C1F335
:107390008012B2EBD01F51D12088C928FFF493AFDF
:1073A000A078E2696AF31F10A07012B120469047DE
:1073B000E17801F0F800053084E700BFC8B2C1F3FE
:1073C0008012B2EBD01F47D120883D28FFF47BAF5D
:1073D0005BE000BFA378C8B2C1F38012B2EBD01F4C
:1073E00003F00F007FF466AF2188603001FB0BF1E2
:1073F0004FEAB101B942A0703FF665AF216A00299A
:107400003FF461AF204688475DE700BF20883D28F4
:10741000FFF459AFA07800F00F0002283AD00128FD
:107420007FF47AAF626984F80290002A7FF446AF55
:1074300072E700BF8030A07045E700BFA078E26827
:1074400066F31F10A07012B120469047E17801F05A
:10745000F8002580023035E7A078E16866F31F1058
:10746000A07009B12046884720883B2806D8E078DC
:10747000258000F0F800023024E700BFE07800F03B
:10748000F8001FE701202580A07001F0F80001300E
:1074900018E700BFA26984F80280002A7FF40EAFCB
:1074A0003AE700BF01B0BDE8F08F0000F0B583B04F
:1074B00040F254540C20C2F200048DF8090000265A
:1074C0000A250DF1090220466C2101238DF8086080
:1074D0000095FBF73FFD02AA20466C210123009591
:1074E000FBF762FC0D209DF808708DF80B000DF184
:1074F0000B0220466C2101238DF80A600095FBF7F2
:1075000029FD0DF10A0220466C2101230095FBF7AD
:107510004BFC9DF80A0040EA072000B203B0F0BD22
:107520009EB0FBF77FFE00240020CDE91444CDE996
:107530001244CDE91044FCF77FF84FF480711291AA
:107540004021139101210220189114210F90CDE9BF
:107550001600CDE91910CDE91B000FA8FCF746FC79
:1075600020B1EFF3108072B6FEE700BF0F2001904C
:107570000320CDE9020401A80421CDE904444FF021
:107580000408FCF721FA28B1EFF3108072B600BFAF
:10759000FEE700BF002641F24C071396CDE91166C5
:1075A000CDE90F66C4F20207386840F2004440F0AB
:1075B000040038603868C4F6000400F0040001904C
:1075C000019838684FF4806140F0200038603868D6
:1075D000002200F020000190019838684FF4806983
:1075E00040F001003860386800F001000190019817
:1075F000386840F002003860386800F002000190FE
:1076000001982046FBF70CFB4FF440400FADCDE94D
:107610000F0604F5806029461196FBF719FA112030
:10762000CDE90F064FF0904029461196FBF710FA6E
:10763000CDF83C904FF0010920462946CDE910963F
:107640001296FBF705FA57F8040C002140F00400ED
:1076500047F8040C57F8040C002200F004000F90C7
:107660000F9857F8040C40F0020047F8040C57F844
:10767000040C00F002000F900F9857F8040C40F033
:10768000010047F8040C57F8040C00F001000F90BB
:107690000F980E20FBF798FE0E20FBF783FE61206B
:1076A00000210022FBF790FE6120FBF77BFE0FA874
:1076B0003C210396CDE90166F9F78AF840F2B8302B
:1076C000C2F200004FF0A0414FF4403280E8460083
:1076D0004FF48071C0E90366C0E905988183C0F862
:1076E000209080F8246080F83860C66380F840609D
:1076F000FAF7F6FD20B1EFF3108072B6FEE700BF97
:1077000040F2B830C2F2000001A90196FAF74AFC33
:1077100020B1EFF3108072B6FEE700BF41F2000027
:10772000C3F260200F9009207F2110900020129159
:107730000421CDE913104FF08071159102211791AA
:10774000842111908DF85800ADF860008DF862002A
:1077500019914FF480718DF86C0040F2B8301A9195
:10776000C2F200000FA9FAF713F928B1EFF3108065
:1077700072B600BFFEE700BF40F20F10082610905F
:1077800040F2B830C0F69046C2F200000FA90F9642
:10779000FAF7FEF820B1EFF3108072B6FEE700BFF3
:1077A00041F2004A40F2F809C4F2000AC2F20009AC
:1077B0000AF56F41484640F8281F00248461C462DE
:1077C000C0E90144C0E903440475FBF739FE28B160
:1077D000EFF3108072B600BFFEE700BF40F204373F
:1077E00009F12800C4F20107FBF710FF40F254250D
:1077F000C2F200052846AC61EC62C5E90074C5E937
:1078000002442C612C75FBF71BFE28B1EFF31080AE
:1078100072B600BFFEE700BF2846FBF7F7FE391D32
:10782000284640F83C1F00248461C462C0E901443A
:10783000C0E903440475FBF703FE28B1EFF31080A1
:1078400072B600BFFEE700BF42F6004805F13C00FB
:10785000C4F20108FBF7DAFE0FA834210E94CDE93B
:107860000C440794CDE90544CDE90344CDE9014436
:10787000F8F7AEFF40F20C60C2F200002021802336
:1078800000F1080C40F2CF72C0E900848CE81600C9
:10789000C0E90543FCF7F8FE20B1EFF3108072B6A3
:1078A000FEE700BF4FF480500B9040F20C60C2F234
:1078B00000000BA9FCF79CFF20B1EFF3108072B61B
:1078C000FEE700BF40F20C60C2F20000FDF7E0FBF3
:1078D00020B1EFF3108072B6FEE700BF40F20C60FB
:1078E00070250024C2F2000008A90895CDE90944DA
:1078F000FCF700FE20B1EFF3108072B6FEE700BF88
:1079000040F20C60C2F2000001A90022CDE901544E
:10791000CDE90344CDE905440794FDF7D5F918B145
:10792000EFF3108072B6FEE740F20C60C2F2000086
:1079300001A90422FDF7C8F920B1EFF3108072B657
:10794000FEE700BF40F20C60C2F2000001A908226D
:10795000FDF7BAF920B1EFF3108072B6FEE700BF71
:1079600040F20C655020C2F20005029001A92846A1
:107970000C22FDF7A9F918B1EFF3108072B6FEE7FB
:1079800028680024C16921F40061C1614FF40050EE
:10799000CDE914044FF00070CDE918040FA9284672
:1079A000CDE90F44CDE911441394CDE91644CDE956
:1079B0001A44FCF735FD18B1EFF3108072B6FEE7FC
:1079C00040F20C60C2F20000FDF7FCF840F25450A7
:1079D0000AF58041C2F2000041F65B720123C0F259
:1079E000F00280E81600C0E90334C0E90544C0E9AC
:1079F0000744FBF781F918B1EFF3108072B6FEE788
:107A000040F25450C2F200000021FBF715F918B102
:107A1000EFF3108072B6FEE740F25450C2F200005D
:107A200000210024FBF72EF920B1EFF3108072B68D
:107A3000FEE700BF4FF48010FBF748F940F2A85072
:107A400008F58061C2F200004FF482724FF4407377
:107A50004FF40077202580E8160007210822C0E9AE
:107A60000334C0E90547C561C0E90844C0E90A41DB
:107A7000C0E90C42FCF722FC20B1EFF3108072B693
:107A8000FEE700BF40F2F06044F2402208F540619A
:107A9000C2F20000C0F20F0200230C2780E80E00A3
:107AA00000210022C0E90333C0E90573C0E90733B0
:107AB000C0E90933FBF734FC20B1EFF3108072B654
:107AC000FEE700BF40F2F060C2F200000021FDF7C7
:107AD0003DFC18B1EFF3108072B6FEE740F2F060A3
:107AE000C2F200000021FDF7EBFB18B1EFF31080AC
:107AF00072B6FEE740F2F060C2F20000FDF7C0FB94
:107B000020B1EFF3108072B6FEE700BF40F2A46030
:107B10000024C2F200009F2195221094C0E900A128
:107B2000C0E902428461FCF7AFFD18B1EFF31080A9
:107B300072B6FEE740F2A4600FADC2F20000294623
:107B40000F941194FCF7D6FC20B1EFF3108072B6BD
:107B5000FEE700BF05F118002421F8F739FE40F2D6
:107B6000244040F20011C2F20000C5F200010024DE
:107B70004FF0040A4FF4807701254FF4403280E83B
:107B80001600C0E90344C0E9054A8783056280F80E
:107B9000244080F83840C46380F84040FAF7A0FBE6
:107BA00020B1EFF3108072B6FEE700BF0920CDE9E7
:107BB00010047F20CDE9120A8420CDE9190740F294
:107BC0002440C2F200000FA90F9614941795ADF847
:107BD00060408DF862408DF86C40F9F7D9FE18B11D
:107BE000EFF3108072B6FEE708F56040C9F80000B8
:107BF0004846FAF72BFD18B1EFF3108072B6FEE796
:107C0000F9F784F8FEE70000B0B54BF2C0344BF250
:107C1000BC30C0F60004C0F60000A04209D24BF20E
:107C2000BC35C0F6000500BF55F8040B8047A542DF
:107C3000FAD3BDE8B040FFF773BC00002DE9F04F68
:107C400087B0DDE911890FF250565FEA49670FF2FC
:107C50005C5758BF37465FEAC96648BF29F001093B
:107C60005FEAC9764FF0300E08BF4FF0200E5FEA92
:107C7000897667D400260196012602960026009692
:107C8000002A00F09E804FF0000B0A2B71D149F6BC
:107C90009A160DF10C08C1F6991600BF4CF6CD43AB
:107CA000CCF6CC43A2FB0334E30803EB8304A2EB42
:107CB00044043C5D0A2A08F80B40C0F08980A3FB0D
:107CC000064505EB8505A3EB4503FB5C08EB0B0CB8
:107CD000642A8CF80130C0F0858048F21F53C5F249
:107CE000EB13A2FB03346309A3FB064505EB8504F4
:107CF000A3EB4403FB5CB2F57A7F8CF8023077D3B8
:107D000044F6D353C1F26203A2FB0334A309A3FBDD
:107D1000064541F25974CDF2B714A2FB044A05EBB3
:107D20008504A3EB440342F21074FB5CA2424FEAC9
:107D30005A320BF1040B8CF80330AFD2DDF84480DB
:107D40005AE000BFB2F1FF3F08DD5FEA49762FD469
:107D50005FEA09768ED520262BE000BF012601962A
:107D6000002602962D26524200964FF0000B0A2B59
:107D70008DD003AE02F00F03FD5C130906F80B5023
:107D800028D003F00F03FC5C06EB0B05130A6C70A4
:107D900024D003F00F03FC5C130BAC702AD003F06B
:107DA0000F03FB5C120C0BF1040BEB70E2D123E030
:107DB0002B2600960026029601260196002A7FF4C3
:107DC00062AF30228DF80C204FF0010B14E000BFA1
:107DD000DDF844800BF1010B0EE000BF0BF1020B4C
:107DE0000AE000BFDDF844800BF1020B04E000BFA5
:107DF000DDF844800BF1030B109AC345C246C8BF9F
:107E0000DA4619F0110FA2EB0A0C67D0054602986A
:107E100030B98D423CBF00982870ACF1010C01359F
:107E20005FEAC96034D4BCF10107C0F291801CF054
:107E3000030600F09B808D4238BF85F800E0012EDC
:107E400005F1010040F09C80ACF102070546BCF151
:107E5000040FC0F08F80381D8D4205F1010238BF3C
:107E600085F800E08A4238BF82F800E0AA1C8A4206
:107E700038BF82F800E0EA1C8A42A0F1040038BF53
:107E800082F800E0032805F10405E5DC4FF0FF3C33
:107E90002846C34560DAAAEB0B0212F003025DD05C
:107EA0008842AAF101073CBF30230370012A00F188
:107EB000010E0AD08E45AAF102073CBF30238EF88E
:107EC0000030022A00F1020E74D17046ABEB0A02B8
:107ED00012F1040F40F27C8095E000BF0022BCF15B
:107EE000000FC8BF0122019B1A40ACEB0207B7F19B
:107EF000010C8BDB17F0030652D088423CBF2022D6
:107F00000270012E00F1010540F01C81A7F1020C66
:107F10002846042F46D30CF104022027884200F1A2
:107F2000010338BF07708B4238BF1F70831C8B4220
:107F300038BF1F70C31C8B42A2F1040238BF1F70F0
:107F4000032A00F10400E9DC4FF0FF3C5EE700BFCC
:107F50002846BC46C3459EDB864654E05746ABEBFD
:107F60000A0212F1040F33D94DE000BFBCF1040F37
:107F7000BFF471AF4FF0FF3CC345FFF68CAFEBE7AA
:107F8000884238BF80F800E0022E05F1020040F080
:107F9000E980ACF103070546BCF1040FEAD35AE7C8
:107FA000042FB8D24FF0FF3C029800283FF431AFC5
:107FB00036E700BF03308E45AAF103073CBF3022ED
:107FC0008EF800208646ABEB0A0212F1040F1AD895
:107FD000302286468E450EF1010038BF8EF8002013
:107FE000884238BF02700EF10200884238BF02702A
:107FF0000EF103008842A7F1040738BF0270BB45A9
:108000000EF1040EE6DBB8F1000F44D003AACBF169
:108010000000023A002704E00437C319ABF1040B57
:1080200060D00EEB07048C4203D202EB0B035B78AB
:108030002370BBF1020F04F101031DDB8B423CBF37
:1080400012F80B501D70C319023304F102061BD045
:108050008E4204D202EB0B0313F8013C3370BBF1E8
:10806000040F04F1030515D38D42D5D202EB0B03A7
:1080700013F8023C2B70CFE79E46BCF1010F0DDADE
:10808000704607B0BDE8F08FB646BCF1010F05DAC7
:10809000F6E700BFAE46BCF1010FF1DB1CF00307B1
:1080A0001AD08E453CBF20208EF80000ACF10102B2
:1080B000012F0EF1010009D08842ACF102023CBF51
:1080C00020230370022F0EF1020011D18646BCF16D
:1080D000040F19D233E000BF6246BCF1040F2ED367
:1080E00012E000BFBE44BCF1010FD7DAC8E700BF01
:1080F0000EF1030E8842ACF103023CBF2023037053
:108100007046BCF1040F1AD3013A2027704600BF15
:10811000884200F1010338BF07708B4238BF1F70DF
:10812000831C8B4238BF1F70C31C8B42A2F1040218
:1081300038BF1F7012F1020F00F10400E8D307B03E
:10814000BDE8F08F8D423CBF20222A70022E00F144
:10815000020515D1A7F1030C2846042FFFF422AF26
:10816000D9E600BF0335884238BF80F800E0ACF1A3
:1081700004072846BCF1040FBFF46DAEFAE600BF59
:1081800003308D423CBF20222A70A7F1040C054623
:10819000042FBFF4C0AE05E7303132333435363703
:1081A0003839616263646566000000003031323343
:1081B00034353637383941424344454600000000E3
:1081C0004FF090400121FAF71DBD000040F600007D
:1081D000C4F600004FF48041FAF714BD4FF0904010
:1081E0001021FAF70FBD000040F60000C4F60000B1
:1081F0004FF40041FAF706BDB0B54BF2BC344BF278
:10820000B830C0F60004C0F60000A04228BFB0BDE0
:10821000051F00BF55F8040F8047281DA042F9D361
:10822000B0BD000080B5F8F769F840F23421C2F221
:1082300000014A8801324A80BDE88040F8F762B800
:10824000B0B5F8F75BF840F23424C2F2000461885C
:1082500001390AB2002A618004DDBDE8B040F8F7B8
:1082600051B800BF00216180F8F74CF86068002821
:1082700008BFB0BDF8F742F861880029EDD1054686
:10828000A068FEF77DFF421E41F68C00C2F200009E
:1082900050F832106068A1F1140383420CD02270B0
:1082A00041F604026360C2F2000212781C3001F150
:1082B00008013AB1F8F729F82846BDE8B040F8F7C8
:1082C00021B800BFF8F721F82846BDE8B040F8F71C
:1082D00019B800002DE9F041002855D040F2FC17F4
:1082E000C2F2000704467868A0424DD8B868A042A0
:1082F00098BFBDE8F08107F1180840464FF0FF3104
:10830000A4F10C0600F0B0FC34F80A0C18B1308867
:10831000B0F5F55F0AD024A000F0BEF934F80A2CBD
:1083200034F80C3C27A0314600F0B6F94FF4F55074
:1083300044F80C0CD7F80CC066453CBFFE60B44650
:1083400054F8082C78683D691318F11A29443961EA
:108350000ED0598861B9B9688B4209D09C4504BFD9
:10836000FE60B4465A68311A831844F8082C9960A4
:1083700054F8043CC518B54201D0698831B1404673
:10838000BDE8F04100F052BCBDE8F081B44508BF43
:10839000FD606A6054F8081C084483604046BDE8EC
:1083A000F04100F043BC00BF746F20667265652029
:1083B0006120626164206461746120626C6F636B30
:1083C0003A0A00006D656D3A203078253038782CF7
:1083D000207573656420666C61673A2025642C20E3
:1083E0006D6167696320636F64653A20307825307A
:1083F00034780A0040F60000C2F200007047000026
:1084000040F60000C2F2000000F580507047000006
:1084100010B5FEF74BF840F24C00C2F200000068C5
:1084200041F25971CDF2B711A0FB01014FF0FF30BD
:1084300000EB51310020B0EB116F0DD14EF2100264
:10844000CEF2000251604EF62351CEF20001FF231E
:108450000B70906007201060FFF7CEFEFFF7CAFF99
:108460000446FFF7CDFF01462046BDE8104000F06E
:1084700045BD00007047000010B540F2FC71C2F22B
:1084800000010968044629B104F128008847002842
:1084900008BF10BD616C4BF2A730C0F6000000F0C1
:1084A000FBF8A16A4BF26630C0F6000000F0F4F869
:1084B000E16A4BF27330C0F6000000F0EDF8216B7A
:1084C0004BF28030C0F6000000F0E6F8616B4BF232
:1084D0008D30C0F6000000F0DFF8A1684BF29A3052
:1084E000C0F6000000F0D8F8E16824A000F0D4F84D
:1084F000216926A000F0D0F8616928A000F0CCF82E
:10850000A1692AA000F0C8F8E1692CA000F0C4F825
:10851000216A2EA000F0C0F8616A30A000F0BCF81B
:10852000A16B32A000F0B8F8E16B34A000F0B4F811
:10853000216C36A000F0B0F8207840070AD44BF246
:108540002130C0F6000000F0A7F82078C00613D450
:108550000CE000BF00F048FF01464BF23B30C0F694
:10856000000000F099F82078C00605D44BF258308E
:10857000C0F6000000F090F8FEE700BF7230353A18
:10858000203078253038780A000000007230363A02
:10859000203078253038780A000000007230373AF1
:1085A000203078253038780A000000007230383AE0
:1085B000203078253038780A000000007230393ACF
:1085C000203078253038780A000000007231303AC7
:1085D000203078253038780A000000007231313AB6
:1085E000203078253038780A000000007231323AA5
:1085F000203078253038780A00000000206C723A6C
:10860000203078253038780A000000002070633A66
:10861000203078253038780A0000000080B5043218
:1086200022F007024FF0000C4BF6EF6E42F844CDFB
:10863000CDF6AD6EC2E901EEC2E903EEC2E905EE88
:10864000C2E907EE4FF0807ED0631046C2E9091CF4
:10865000C2E90BCCC2E90DC3C2F840E080BD000006
:1086600080B5F7F74BFE41F60401C2F200010A782B
:1086700001320A70BDE88040F7F744BE80B5F7F7D5
:108680003DFE41F60401C2F200010A78013A0A7087
:10869000BDE88040F7F736BE83B010B581B041F633
:1086A0000C04844603A8C2F200040EC003AB2046AB
:1086B0007F216246009301F0D5F82046FFF7DAFEED
:1086C00001B0BDE8104003B070470000002804BFAF
:1086D000002070472DE9F04381B040F2FC19C2F24E
:1086E00000090330D9F8001020F003078F425ED84C
:1086F00009F1180840464FF0FF310C2F98BF0C27A6
:1087000000F0B2FAD9E900C1D9F80CE0ACEB0704EB
:10871000AEEB0103A34247D2CE187288706822B92B
:1087200003F10C05421BBA4246D2A0423CD20E18BD
:108730007288736822B900F10C055A1BBA4216D22E
:10874000A34231D2CE187288706822B903F10C05A9
:10875000421BBA4230D2A04226D20E1872887368E9
:10876000002AD7D100F10C055A1BBA42D2D30446D5
:10877000184607F118039A4223D3EB1907F10C02AC
:10878000CD184FF4F557CF50C5E901047360686800
:1087900001240CF10C07B84274801CBF08448360AC
:1087A000D9E9040312E000BF404600F03FFA002080
:1087B00001B0BDE8F08300BF1C4607F118039A42E0
:1087C000DBD201227280D9E90423001B10448342CA
:1087D000C9F8100038BFC9F814004FF4F5507645B9
:1087E000308030D1BEF8020068B3D9F80820964531
:1087F00029D0DEF8040001EB000EBEF802000028CC
:1088000018BF96451DD0DEF8040001EB000EBEF83F
:108810000200002818BF964513D0DEF8040001EBD3
:10882000000EBEF80200002818BF964509D0DEF8F9
:10883000040001EB000EBEF80200002818BF9645A8
:10884000D7D1C9F80CE0404600F0F0F906F10C0071
:1088500001B0BDE8F083000010B5042A1ED310F06B
:1088600003031BD1CBB24FF00134102A03FB04FCED
:1088700016D3A2F11004012303EB141313F0030326
:1088800010D0012BC0E900CCC0F808C0C0F80CC063
:108890000CD100F1100322461BE000BF864656E0D3
:1088A000864631E00346302C16D22BE0022BC0E97D
:1088B00004CCC0F818C0C0F81CC003D100F12003DC
:1088C000203A06E000F13003303AC0E908CCC0E9B4
:1088D0000ACC9E46302C15D303F1400E403AC3E932
:1088E00000CCC3E902CCC3E904CCC3E906CCC3E99C
:1088F00008CCC3E90ACCC3E90CCCC3E90ECC0F2ADF
:108900007346E9D8042A22D3734600BF141F042CEF
:108910004EF804CB1AD3A2F10804042CC3F804C007
:108920000ED3A2F10C04042CC3F808C00CD303F13D
:10893000100E103AC3F80CC0032A7346E6D806E0BE
:1089400003F1080E02E000BF03F10C0E2246002ADC
:1089500008BF10BD5FFA81FC0446704611466246AE
:10896000F7F70CFF204610BD2DE9F041884640F294
:108970005401C2F200010A78054682420F460FD028
:108980000F4617F8100FA8420AD00F4617F8200F0D
:10899000A84205D011F8300FA84218BF00210F4699
:1089A000F868FFF793FE0646C0B1FA68304600212A
:1089B0000024FFF751FF3046414608223572747299
:1089C00000F050FAF7F79AFC57F8041F324642F8C5
:1089D0000C1F4A603A605760F7F794FC3046BDE8D8
:1089E000F081000010B5044600202072F7F786FCE5
:1089F0002246216952F80C3F59600B6022611260D7
:108A0000F7F780FC2046BDE81040FFF763BC00008C
:108A100010B5044600202072F7F770FC54F80C1FC4
:108A200062684A601160C4E90044BDE81040F7F78D
:108A300069BC0000F0B581B00E4640F25401C2F2AC
:108A4000000115460A780446B2420F460FD00F4681
:108A500017F8100FB0420AD00F4617F8200FB04297
:108A600005D011F8300FB04218BF00210F46FFF7B4
:108A7000D9FB0437384600BF0068B84208D0006808
:108A8000B84205D00068B84202D00068B842F3D1BD
:108A9000FFF7D6FB46F080002072204629460822C8
:108AA00000F0E0F9F7F72AFC396844F80C1F4C6035
:108AB0003C60676001B0BDE8F040F7F723BC000000
:108AC000007AC0097047000070B5F7F717FC40F254
:108AD0003425C2F20005698821B1BDE87040F7F77E
:108AE00011BC00BFA96806460846FEF749FB0146CF
:108AF0004A1E41F68C01C2F2000151F832106B6837
:108B0000A1F1140430469C42E7D041F604002A70DB
:108B10006C60C2F20000027803F11C0001F1080150
:108B200032B1F7F7F2FB3046BDE87040F7F7EABB29
:108B3000F7F7EBFB3046BDE87040F7F7E3BB00000A
:108B400010B50446F7F7DAFB94F8341094F83520A2
:108B500001F0F001013184F8341041F68C01C2F2C9
:108B6000000101EBC2014A6840F2342C04F1140305
:108B7000C2F2000C1360A2614B60A26BDCF80830FB
:108B8000616143EA0201CCF80810BDE81040F7F734
:108B9000B9BB0000B0B50546F7F7B0FB294651F860
:108BA000142F4B6853601A6091F8212041F68C0312
:108BB0000960C2F2000353F8324003EBC202944250
:108BC000496003D0BDE8B040F7F79CBB40F23422C7
:108BD000C2F20002A96B936823EA01019160BDE82B
:108BE000B040F7F78FBB0000B0B50D46014602203C
:108BF0001446FFF7B9FE002808BFB0BD00F114010C
:108C0000C0E9051185834472B0BD000070B51546FA
:108C10000A4602211C460646FFF70CFF06F1140027
:108C2000C6E905000020B583747270BD10B5044616
:108C3000F7F764FB224652F8141F91420CD0143906
:108C40000446084600F0AEFB2046F7F75BFBFFF753
:108C50003BFF002010BD00BFA18B0131A183F7F7BE
:108C600051FB002010BD00002DE9F04381B00D46FE
:108C700006460091F7F742FBB18B39B10139B18358
:108C8000F7F740FB002001B0BDE8F083002D3FD096
:108C9000804600F0A9FB044600202063777A204636
:108CA00006F1140900F010FCD7B3012F404640D163
:108CB00049460968494555D094F8352091F8213046
:108CC0009A421AD3096849454CD094F8352091F856
:108CD00021309A4211D30968494543D094F8352090
:108CE00091F821309A4208D3096849453AD094F85E
:108CF000352091F821309A42DBD24A6804F11403FE
:108D00001360A2614B606161012D14DA1EE000BFA7
:108D1000F7F7F8FA6FF0010001B0BDE8F08300BF8B
:108D2000B06904F114010160A061B161C4F814904C
:108D30004046012D0ADB04F144056A46284600211D
:108D400000F0A8FC284600F005FD4046F7F7DAFAE7
:108D5000FFF7BAFE206B002808BF002001B0BDE875
:108D6000F08300BFB16904F114020A60A161B2612D
:108D7000C4F81490012DDEDAE8E7000080B582B077
:108D80000AA0FFF789FC0CA0FFF786FC0FF24C0C41
:108D900015A0032101220323CDF800C0FFF77CFCBE
:108DA00019A002B0BDE88040FFF776BC0A205C2025
:108DB0007C202F0A000000002D205254202D20205E
:108DC000202020546872656164204F706572617460
:108DD000696E672053797374656D0A004F63742060
:108DE0003234203230323400202F207C205C20208E
:108DF00020202025642E25642E2564206275696C50
:108E0000642025730A0000002032303036202D20E7
:108E10003230313920436F7079726967687420622B
:108E2000792072742D746872656164207465616D57
:108E30000A000000014600BF0A7862B14A784AB1D0
:108E40008A785AB1CA780431002AF5D10139081A52
:108E5000704700BF0131081A704700BF0231081A7D
:108E600070470000002A08BF7047F0B581B0C2F11A
:108E7000000C00238646CC5CC454FCB10CEB03050B
:108E80006C1C16D2CE187778C4186770E7B1AF1C87
:108E90000FD0B778A770EFB103350AD0F578E57039
:108EA000F5B104330EF1040E1CEB0304A2F104022D
:108EB000E1D101B0BDE8F040704700BF0EF1010301
:108EC000511E11D1F5E700BF0EF10203013A511E08
:108ED0000AD1EEE70EF10303023A511E04D1E8E78E
:108EE000033A231D511EE4D004461846F7F74EFC02
:108EF000204601B0BDE8F0407047000010B521F0F9
:108F000003030A46192B014630D3C81C20F0030086
:108F1000A3F11804844229D3191A40F2FC14A1F1D8
:108F20001802C2F20004C4E900204FF4F5520C39D3
:108F30004FF0000CC0E90021C0F808C041F6A06065
:108F4000C0F201001A4642F80C0D43F8081C2068D4
:108F5000A2600C3043F8040C04F1180006A10122B1
:108F60000023FFF753FE6068E06010BD04A0BDE879
:108F70001040FFF791BB00BF686561700000000002
:108F80006D656D20696E69742C206572726F722038
:108F9000626567696E2061646472657373203078FE
:108FA00025782C20616E6420656E64206164647293
:108FB00065737320307825780A00000010B541F6FB
:108FC0008C02C2F2000202F11800C2E9060002F1AE
:108FD000200002F1080302F11001C2E9080002F1C9
:108FE0004000C2E90233C2E9041102F1280102F192
:108FF000300302F13804C2E9100002F16000C2E956
:109000000A11C2E90C33C2E90E4402F1480102F12F
:10901000500302F15804C2E9180002F18000C2E9CD
:109020001211C2E91433C2E9164402F1680102F1D7
:10903000700302F17804C2E9200002F1A000C2E945
:109040001A11C2E91C33C2E91E4402F1880102F17F
:10905000900302F19804C2E9280002F1C00040F236
:10906000342EC2E92211C2E92433C2E9264402F1B6
:10907000A80102F1B00302F1B804C2E9300002F124
:10908000E000C2F2000EC2E92A11C2E92C33C2E9A3
:109090002E4402F1C80102F1D00302F1D804C2E962
:1090A00038001F204FF0000CC2E93211C2E93433FE
:1090B000C2E9364402F1E80102F1F00302F1F804DA
:1090C0008EF800000EF10C00AEF802C0C2E90022DA
:1090D000C2E93A11C2E93C33C2E93E44CEE901CCCF
:1090E000CEE9030010BD000010B540F23424C2F2F6
:1090F0000004A068FEF744F841F68C01C2F20001BA
:1091000001EBC00050F8080CA0F1140108306160B8
:10911000BDE81040F7F73FB940F24820C2F2000026
:10912000011DC0E901117047704700002DE9F043AF
:1091300083B00F46014601201D461646FFF714FC7A
:1091400000283DD004462846FFF7C0FA00283DD04D
:1091500004F11401DDE90A98C4E9051123212A4626
:10916000C4E90876C4E90A05FFF776FB04F1200399
:109170000FCB1A4449F2DD13043AC0F60003FFF79F
:109180004DFA49F20D52E061002704F14400C0F6A7
:1091900000022146234684F8369084F83590C4E9CD
:1091A0000E78C4F84080276384F83470C4E91C77D3
:1091B0000097019700F0B4FA204603B0BDE8F083B1
:1091C0000024204603B0BDE8F08300BF2046FFF72F
:1091D00009FC0024204603B0BDE8F083B0B540F29E
:1091E0003820C2F200000568F7F788F804462846E0
:1091F000FFF7D0FC042085F8340005F1440000F0AE
:109200007BFA2846FFF75CFC012801D1286F88B162
:1092100040F24020C2F20000016845F8141F4D6082
:10922000056068602046F7F76DF8BDE8B040FFF7CD
:109230004BBC00BF2846FFF7EBFB2046F7F762F870
:10924000BDE8B040FFF740BC40F24026C2F2000645
:1092500008E000BF2846FFF7DBFBFEF7F1FF2046E2
:10926000F7F750F83068B042FCD0F7F747F83768A6
:109270000446B742F3D0D7E90001A7F114054160D5
:109280000860C7E90077FEF7CDFFF96D09B1284600
:1092900088472846FFF714FC0128DBD0FEF7D0FFF3
:1092A0002046F7F72FF87869FFF714F82846FFF7FC
:1092B00099FBD7E710B584B041F68C124FF480715A
:1092C000C2F2000240F284741F20CDE90021C2F2F4
:1092D000000449F249224FF0200C029007A1C0F689
:1092E000000220460023CDF80CC000F00BF8204609
:1092F00004B0BDE8104000F0B9B800BF7469646CF8
:10930000650000002DE9F04782B00DF1280A1646ED
:109310000A46DDF834909AE8800501211D4604468E
:10932000FFF788FB04F11400C4E905003846232147
:109330004246C4E90865C4E90A78FFF78DFA04F1EA
:1093400020030FCB1A4449F2DD13043AC0F60003A0
:10935000FFF764F949F20D52E061002704F144007F
:10936000C0F600022146234684F836A084F835A0D2
:10937000C4E90E79C4F84090276384F83470C4E9D6
:109380001C770097019700F0CBF9002002B0BDE8F0
:10939000F087000080B500F001F900F02BF8002004
:1093A00080BD000090F8341001F00F0102291CBFAD
:1093B0004FF0FF307047B0B50446F6F79FFF2246E6
:1093C000A16952F8143F054604F1440059600B604E
:1093D000A261126000F02AFA2846F6F793FF2046B1
:1093E000FFF7AEFB0020B0BD40F23820C2F2000013
:1093F00000687047F0B581B00090F6F77FFF40F24B
:109400003821C2F200010C68054694F8341001F0CE
:109410000F01012913D1F6F771FF94F834100646B5
:1094200001F0F000023084F834002046FFF7B2FB70
:1094300004F1440000F0FAF93046F6F763FF04F156
:1094400044066A4630460021002700F023F93046E2
:1094500000F080F92846F6F755FFFFF735FB206B43
:10946000023008BF2763002001B0F0BDB0B504464C
:1094700090F83600012184F8350001FA00F0A0636D
:10948000022084F83400F6F739FF2246A16952F829
:10949000143F054604F1440059600B60A26112605C
:1094A00000F0C4F92846F6F72DFF2046FFF748FBE9
:1094B00040F23820C2F200000068002818BFFFF711
:1094C00003FB0020B0BD0000B0B5044690F83400A6
:1094D00000F00F0001281CBF4FF0FF30B0BDF6F7C1
:1094E0000DFF94F83410054601F0F000023084F8C6
:1094F00034002046FFF74EFB04F1440000F096F9DB
:109500002846F6F7FFFE0020B0BD000080B50346F8
:10951000826953F8141F6FF0010CC0F830C04A6024
:10952000116083611B60FFF70BFBBDE88040FFF714
:10953000CBBA000010B5F6F7E1FE40F23821C2F2D6
:109540000001096891F8342002F00F02012A21D1AC
:109550000A4652F814CF53689C451BD091F835E069
:1095600041F68C04C2F2000404EBCE04CCF80430C3
:109570008A61D4F804E0C3F800C0CEF80020C1F836
:1095800018E062604C61F6F7BDFEFFF79DFA00201F
:1095900010BD00BFF6F7B6FE002010BD002844BF86
:1095A0004FF0FF30704744F6D351C1F26201A0FB87
:1095B00001239A094FF47A7302FB130042F21073ED
:1095C000584300F2E730A0FB010102FB03F000EB7F
:1095D0009110704741F69020C2F200000068704779
:1095E00080B541F69020C2F20000016801310160AF
:1095F000FFF7FAFE016C0139016403D0BDE8804039
:1096000000F008B8C16B0164FFF794FFBDE880402B
:10961000AFF300802DE9F041FFF7DCFF0546F6F7D8
:109620006DFE40F24826C2F20006314651F8044F62
:1096300080468C4228D04FF6FE77C7F6FF7704E0CD
:10964000304650F8044F84421ED06069281AB84250
:109650001AD894E80E00E0684A601160C4E900443A
:109660009847FFF7B7FF14F80B1C054601F00300FD
:1096700001F0FE01032804F80B1CE1D1A4F1140051
:1096800000F068F8DCE700BF4046BDE8F041F6F7BF
:1096900039BE000003290FD8DFE801F00210060AE6
:1096A0001168416200207047417A01F0FD0102E03B
:1096B000417A41F00201417200207047406A106017
:1096C0000020704770B50E4601460A201C4615461C
:1096D000FFF74AF9002808BF70BD049900F1140291
:1096E00001F0FE0141720021C0E90522C0E90765D1
:1096F000C0E9094170BD000010B50446F6F7FEFD53
:109700002246A16952F8143F59600B60A2611260B1
:10971000F6F7F8FD2046FFF77BF9002010BD0000AA
:109720002DE9F04115460A46DDE906870A211C4667
:109730000646FFF77FF907F0FE007072002006F181
:109740001401C6E90511C6E90754C6E90980BDE858
:10975000F08100002DE9F0410446F6F7CFFD2546E3
:1097600055F8141F6A684A60116015F80B1C2D60CB
:1097700001F0FE016D6005F80B1CF6F7C3FDFFF765
:1097800029FF296908446861F6F7B8FD40F2482CC2
:10979000C2F2000CDCF808304FF6FE7E0CF1040635
:1097A0006FF00048C7F6FF7E9E4223D03268A16A60
:1097B00057697F1A01D0474520D39A421AD01668BC
:1097C000A76A7169CF1B01D047451BD39E4211D0B8
:1097D0003268A76A5169CF1B01D047450ED39A4220
:1097E00008D01668A76A7169CF1BDDD07745374668
:1097F000DAD808E01F681A4605E000BF174632466F
:1098000001E000BF3746DCF800107D600131CCF884
:109810000010617A676141F001011560A261617217
:10982000F6F770FD0020BDE8F081000010B5044699
:10983000407AC00704BF4FF0FF3010BDF6F75EFD61
:1098400054F8141F62684A601160C4E90044F6F7D6
:1098500059FD14F80B0C00F0FE0004F80B0C00206E
:1098600010BD00002DE9F04F85B09B46144600EB7B
:1098700001084FF020090391002948BF4FF0FF383D
:10988000049009E00BF1040BF7B2CDE9001C41464E
:109890000297FEF7D3F901342178252908D0002951
:1098A00000F0DA83404538BF017001300134F3E73E
:1098B0000234002614F8017CA7F12002102A00F2DD
:1098C0006D801021DFE802F00A6A6A0E6A6A6A6A2D
:1098D0006A6A6A0C6A126A6A100000BF082105E011
:1098E000042103E0202101E0012100BF27780E437D
:1098F000A7F12002102A00F259801021DFE802F0BF
:109900000A56560E565656565656560C5612565619
:10991000100000BF082105E0042103E0202101E040
:10992000012100BF67780E43A7F12002102A00F240
:1099300043801021DFE802F00A40400E40404040E2
:109940004040400C40124040100000BF082105E09C
:10995000042103E0202101E0012100BFA7780E438C
:10996000A7F12002102A00F25F801021DFE802F048
:109970000E5C5C105C5C5C5C5C5C5C125C0A5C5C5D
:10998000140000BF0E43043494E700BF0821F9E738
:109990002021F7E70421F5E70121F3E7A21E013CAE
:1099A000A7F1300109290DD944E000BF621EA7F1DB
:1099B0003001092906D93DE022460134A7F13001E2
:1099C000092937D80234002101EB810107EB41015D
:1099D00014F8017C3039A7F13002092A40D801EB94
:1099E000810107EB410127783039A7F13002092ABC
:1099F00038D801EB810107EB410167783039A7F1D5
:109A00003002092A72D801EB810107EB4101A778E6
:109A10003039A7F130020A2A04F10404D4D3023CFD
:109A20002E2F21D066E000BF621C0234A7F1300166
:109A30000929C7D92A2F0DD15BF8041B941CB1F159
:109A4000FF3FDCBF494246F0100627782E2F0BD08F
:109A500050E000BF27784FF0FF312E2F04D049E0AF
:109A6000013C00BF2E2F45D1224612F8017FA7F1FD
:109A70003003092B2ED8A21C002300BF03EB830365
:109A800007EB43031778303BA7F13005092D43D886
:109A900003EB830307EB43035778303BA7F1300513
:109AA000092D35D803EB830307EB43039778303B4D
:109AB000A7F13005092D2DD803EB830307EB4303F2
:109AC000D778303BA7F130050A2D02F10402D5D337
:109AD000013A21E02A2F05D114F8027F5BF8043BFC
:109AE000224619E04FF0FF3316E000BF01342E2F5D
:109AF000BAD000BF4FF0FF3C47F004026C2A12D0EE
:109B0000BE460027AEF12505532D13D974E000BFE2
:109B1000013201E0023200BF23EAE37C144647F041
:109B200004026C2AECD114F801EFAEF12505532D97
:109B300000F262800A23DFE815F059005F005F0041
:109B40005F005F005F005F005F005F005F005F001D
:109B50005F005F005F005F005F005F005F005F000D
:109B60005F005F005F005F005F005F005F005F00FD
:109B70005F005F005F005F005F005F005F005F00ED
:109B80005F005F005F005F005F005F005F005F00DD
:109B90005F005F005F005F005F005F005F005F00CD
:109BA00073005F005F005F005F005F005F005F00A9
:109BB0005F005F005F00810055005F005F005F0095
:109BC0005F0055005F005F005F005F005F00710095
:109BD000B7005F005F009B005F0076005F005F00E2
:109BE000750000BF46F002061DE000BF4045BFF40F
:109BF0005CAE2521017058E6404503D22521017055
:109C000094F800E0BEF1000F00F1010160D0414581
:109C100038BF81F800E0023001343DE6082302E05D
:109C200046F040061023DBF80020682F7FF42AAEB0
:109C3000B7074CBF12B292B224E600BFF20645D479
:109C40000229A1F1010349DB13F00306A1F1020788
:109C500000F0D080404538BF80F80090012E00F120
:109C6000010240F0D3803B46032F80F0F5800FE1E6
:109C7000DBF800A00027BAF1000F0FF2004208BF86
:109C8000924600BF1AF80720002A0AEB07022AD0E2
:109C900055780DB395782DB3D2780437002AF1D1D9
:109CA0000AEB0702013A1EE04A1CB2FA82F24FEABE
:109CB000521246EA020308BF08215BF8042BDFB208
:109CC000CDE9001C41461023E2E500BF0246E0E07A
:109CD000013C08460134DFE5013204E00246194642
:109CE000D7E000BF0232A2EB0A026245E646B8BFE7
:109CF0009646BCF1000FD8BF9646F2061BD48E459F
:109D0000A1F1010616DAA1EB0E0212F0030275D0E2
:109D1000404538BF80F80090012A00F1010740F06B
:109D200081808E1EAEEB010010F1040F40F2118114
:109D30002AE100BF3146BEF1010FC0F22C81BEF115
:109D4000040F03D21EF0030236D14DE04FF6FC7231
:109D5000C7F6FF720EEA0206002702E00437BE4291
:109D600024D0C21942453CBF1AF807501570551C43
:109D7000454507D3951C45450BD303324245EDD2EB
:109D80000EE000BF0AEB07035B782B70951C45457E
:109D9000F3D20AEB07039B782B7003324245DDD2E6
:109DA0000AEB0703DB781370D8E700BF3844BA44E6
:109DB00007461EF0030217D040453CBF9AF80070DA
:109DC0000770012A00F101070ED047453CBF9AF801
:109DD00001603E70022A00F1020705D047453CBFF2
:109DE0009AF802203A70C71C8E450BF1040BC0F2A2
:109DF000D78011E10246032F2ED249E00746AEEB91
:109E0000010010F1040F40F2A480BDE0424538BFCC
:109E100082F80090022E00F1020215D1CB1E032F12
:109E20001AD235E0474538BF87F80090022A00F182
:109E3000020740F08380CE1EAEEB010010F1040F4C
:109E400040F28780A0E000BF424538BF82F8009012
:109E5000C21C0B1F032F1BD3181D00BF424502F16C
:109E6000010138BF82F80090414538BF81F8009069
:109E7000911C414538BF81F80090D11C4145A0F1AB
:109E8000040038BF81F80090042802F10402E5DCE8
:109E9000002142453CBFDBF8000010700BF1040BC1
:109EA000022902F10100FFF6F6AC4E1E16F0030780
:109EB000A1F1020315D0404538BF80F80090012F72
:109EC00002F1020004D13146032BFFF4E4AC0BE0B5
:109ED000404538BF80F80090022F02F1030023D1E3
:109EE0001946032BFFF4D7AC023900BF404500F1FF
:109EF000010238BF80F80090424538BF82F80090D8
:109F0000821C424538BF82F80090C21C4245A1F134
:109F1000040138BF82F8009011F1030F00F1040032
:109F2000E4D3FFF7B8BC00BF404538BF80F80090CD
:109F30000339101D032BFFF4AEACD5E7474538BFFE
:109F400087F80090C71C0E1FAEEB010010F1040F44
:109F50001AD8701C474507F1010138BF87F80090F7
:109F6000414538BF81F80090B91C414538BF81F8A0
:109F70000090F91C4145A0F1040038BF81F8009021
:109F8000864507F10407E5DBAEF101013846BEF175
:109F9000010FBFF6D4AE07468E450BF1040B3BDA3A
:109FA000A1EB0E0010F0030238460FD0404538BF39
:109FB00080F80090012A00F1010711D14B1EAEEB91
:109FC000010010F1040F38462AD925E00B46074658
:109FD000AEEB010010F1040F384621D91CE000BFA0
:109FE000474538BF87F80090022A00F1020707D1E1
:109FF0008B1EAEEB010010F1040F384610D90BE0B8
:10A00000474538BF87F80090CB1EC71CAEEB010058
:10A0100010F1040F384603D938460134FFF73CBC31
:10A02000404500F1010138BF80F80090414538BF3C
:10A0300081F80090811C414538BF81F80090C11C17
:10A040004145A3F1040338BF81F800909E4500F11B
:10A050000400E5DBFFF71FBC0399049B002948BF00
:10A06000D94331B101460022404528BFA8F1010182
:10A070000A70C01A05B0BDE8F08F00BF284E554CDD
:10A080004C290000002070470020704700207047D6
:10A0900000207047A8B040F20C379FED2F8A40F2A5
:10A0A000283440F2F066C2F20007C2F200044FF416
:10A0B00048790FF2A80808ADC2F2000697ED000A31
:10A0C00097ED011A20EE080ABDEEC00A97ED022AAC
:10A0D00010EE102A21EE080ABDEEC00A10EE103A6A
:10A0E00022EE080A94ED031A94ED042A94ED053A41
:10A0F00094ED0B4A94ED0E5A22EE082A23EE083A0C
:10A1000021EE081ABDEEC44ABDEEC55ABDEEC11A15
:10A11000BDEEC33ABDEEC22ABDEEC00A2846414696
:10A12000CDF818908DED000A8DED012A8DED023AE3
:10A130008DED031A8DED045A8DED054AF6F746FABA
:10A140002846FEF777FE82B230462946FBF702FD2D
:10A150001420FFF71FF9B1E700401C4625642C25A9
:10A16000642C25642C25642C25642C25642C256402
:10A170002C256C642C25640A0000000041000802B4
:10A1800018BF04200A0E18BF40F001004FF07F42B4
:10A1900032EA010108BF40F00200012808BF052093
:10A1A0007047000010EE101A08B5444A6846B2EB3A
:10A1B000410F28D94FF0E640B0EB410F94BF00208B
:10A1C0004FF0FF3000900098002861DB60EE000A3D
:10A1D00010F0010F45D010F0020FDFED391A9FED9E
:10A1E000391A00EEA11ADFED381A40EE811A21EE7D
:10A1F000A01AF0EE400A40EE010A08BFF1EE600A34
:10A20000B0EE600A08BD314B21F0004293423CD9C8
:10A2100011F0004FDFED2E0A20EE201ADFED2D0A9F
:10A2200019BF31EE601A71EE200A31EE201A71EE7C
:10A23000600ABDEEE01A11EE100A9FED271A00F039
:10A24000030000EEC10A9FED251A009000EEC10A3E
:10A250009FED231A00EEC10A9FED221A00EEC10AFB
:10A26000B1E79FED211A9FED210A10F0020F00EED9
:10A27000810A9FED1F1A00EE801AB7EE000A00EE69
:10A28000810A18BFB1EE400A08BD00F00FF99AE745
:10A2900010EE100A4000B0F17F4F3CBFB7EE000A4D
:10A2A00008BD07D14FF00100F6F712FBBDE80840EA
:10A2B00000F0ECB8BDE8084000F0E4B8B61F927EAC
:10A2C000336D4CB9DA82083CA0AA2ABE490E494631
:10A2D00083F9223F0000004B0000C93F00A0FD3978
:10A2E0000020A2331A61342CB93AB2BACA9F2A3D6F
:10A2F000DDFFFFBE00B510EE101A2DED028B81B010
:10A30000524A6846B2EB410F2ED94FF0E640B0EB0F
:10A31000410F94BF00204FF0FF3000900098B0EE46
:10A32000408A00286ADB10F0010F4BD068EE080A63
:10A330009FED471A9FED470A00EE810A9FED461AEE
:10A3400010F0020F00EE801AB7EE000A00EE810A4C
:10A3500002BF01B0BDEC028B00BD00BF01B0B1EE89
:10A36000400ABDEC028B00BD3C4B21F00042934201
:10A3700041D911F0004FDFED3A0A20EE201ADFED4F
:10A38000390A19BF31EE601A71EE200A31EE201A37
:10A3900071EE600ABDEEE01A11EE100A9FED321A5E
:10A3A00000F0030000EEC10A9FED301A009000EEAD
:10A3B000C10A9FED2F1A00EEC10A9FED2E1A00EE82
:10A3C000C10AABE728EE080A9FED2B1ADFED2B0A36
:10A3D00010F0020F40EE010A9FED291A00EE201A3C
:10A3E00061EE000AB0EE480A08EE200AB6D101B0CC
:10A3F000BDEC028B00BD00F059F88FE718EE100A93
:10A400004000B0F17F4F0DD218EE100AFFF7B6FEF4
:10A41000042808BF00F042F8B0EE480A01B0BDECD5
:10A42000028B00BD09D10120F6F752FA01B0BDEC54
:10A43000028B5DF804EB00F029B801B0B0EE480AD9
:10A44000BDEC028B5DF804EB00F01CB8B61F927EE9
:10A45000B93AB2BACA9F2A3DDDFFFFBE490E49464E
:10A4600083F9223F0000004B0000C93F00A0FD39E6
:10A470000020A2331A61342C336D4CB9DA82083CC7
:10A48000A0AA2ABE30EE000A70470000DFED020AE3
:10A4900080EEA00A70470000000000009FED020A55
:10A4A00020EE000A70470000000000102DE9F001C6
:10A4B0004FF07F42B2EB410F9FBF4FF0FF31016081
:10A4C000BDE8F00170474FF0004242EA0123C1F3BA
:10A4D000C752783A551112F01F0C434CCCF12006AC
:10A4E0007C44C1F3C752A2F178024FEA621204EB36
:10A4F000820254F8254008BFD2E9015612D05568AF
:10A5000004FA0CF425FA06F73C43976805FA0CF5B3
:10A5100027FA06F8D26807FA0CFCF24045EA08056B
:10A520004CEA0206A4FB034CA5FB0352A6FB036303
:10A530001D449D4234BF012600261319334416B131
:10A54000934202D903E0934201D2012200E00022AB
:10A55000624402F1200C9206DC0C42EA443200EE26
:10A56000102A5B03DFED210AF8EEC01A00EE103A64
:10A570004FEA9C1C11F0004FB8EE400AC0F800C032
:10A5800020EE201A00EE105ADFED190AB8EE400A4C
:10A5900020EE200A71EE810A70EE800A10EE902AF9
:10A5A00002F500626FF30B0200EE902A70EEE11AE2
:10A5B00031EEC11ADFED101A30EE411A9FED0D0A8F
:10A5C00020EE800A01EE210A9FED0C1A00EE810AAE
:10A5D00004BFBDE8F0017047CCF180510160BDE8D7
:10A5E000F001B1EE400A7047C40C000000000036D4
:10A5F0000000802C22AAFD29DB0FC92F0000C92FE3
:10A6000021F0004201F00043A2F16052B2F5801F38
:10A6100028BFD2F17F6C0BD95FEA001C43EAC2026B
:10A6200042EB507018BF704728BF20F00100704700
:10A63000B2F5801FBCBF184670474FEA410C1CF5AD
:10A64000001F02D2084600F095BD70B500F0A8FBCF
:10A6500000000089FFF7F6BF4FF00040A0F5800032
:10A660007047000010B591EA030F48BF83F0004324
:10A6700000F1F283841A71EB030C05D2121943EB3B
:10A680000C03001B61EB0C014FEA1154A4EB135CAB
:10A69000DFF81CE11EEA430F18BF9EEA445F00F09A
:10A6A000748021EA045123EA0E0343F48013DCF1A1
:10A6B000200E32D322FA0CFE10EB0E0023FA0CFE11
:10A6C00041EB0E01CCF1200E03FA0EFE10EB0E0052
:10A6D000CCF1200E51F10001B1F5801F32D201EB17
:10A6E000045112FA0EF2BDE8104058BF7047401CEA
:10A6F00038BF5FEA420218BF7047002814BF20F03D
:10A70000010041F100014FEA410313F5001F38BF7A
:10A710007047A1F1C04100F091BB012A43EB030255
:10A72000ACF1200CDCF11F0E32BF4FF0000E23FA0B
:10A730000CF310EB030041EB0451B4EB115FD0D0EC
:10A74000A1EB045101F58011490801EB04515FEAC6
:10A7500030000ED350F1000038BF12FA0EFE08D1BF
:10A76000BDE81040C9E7401C38BF5FEA4202CAD1C9
:10A77000C3E7BDE810404FEA410313F5001F38BF9F
:10A780007047A1F1C04100F059BB9EEA445F08D078
:10A7900011EA5E0FBDE8104004BF01F00041002047
:10A7A0007047BDE8104070B500F0FAFA64FBBE3E99
:10A7B0000000E0FF491058BFC1F140415B1058BF95
:10A7C000C3F140438B42EFF3008070472DE9C04155
:10A7D00030B4DFF8A8C23CEA111418BF3CEA1314E5
:10A7E00000F0F0801CEA111481EA030544EAD574F4
:10A7F00018BF1CEA131500F0CB80A4EB050404F18C
:10A800007F7404F500344FF0004545EAC12145EA64
:10A81000C32341EA505143EA52534FEAC0204FEA62
:10A82000C222994208BF904200F0A0804FEA13650F
:10A830000FF24816765D4FEA134506FB05F7C7F1A0
:10A84000807706FB07F74FEAD737A7FB0368764206
:10A85000A7FB06CEC8F5803838BFA8F1010807FB72
:10A8600008E6A6FB028C4FF0000EE6FB03CED8F103
:10A8700000086FEA0C0C5CF1000C6FEA0E0E4EF152
:10A88000004EA6FB0C584FF00007E6FB0E87A1FB1D
:10A8900008C6A0FB07CE16EB0E064FF0000545F1EB
:10A8A0000005E1FB076515F1E04E7EBFA4F580349D
:10A8B0005FEA46066D4116F1800745F100054FEA53
:10A8C000172747EA05674FEA15254FEA0666A6F1FE
:10A8D000DE46B6F1805F20D9384605EBC47124F01E
:10A8E000010C01EB0C11BCF1FE6F02D8F0BCBDE80D
:10A8F000008124425CBF01F5801E9EEAC47F02D421
:10A90000F0BCBDE80081244200F13980A1F1C041D2
:10A91000F0BCBDE8004100F091BA4FEAD02040EA17
:10A9200041504FEAD1214FEAD22242EA43524FEA44
:10A93000D323A7FB028607FB036605FB02661EEA1C
:10A940000E0F58BFA6EB0056B6EB00564FEA520E5C
:10A950004EEAC37E18EB0E0E56EB530EBCD518EB29
:10A9600002085E417F1C55F10005B5E74FF48015E4
:10A970004FF000074FF000064FF00008ACE701F180
:10A98000C04101F000414FF00000F0BCBDE8008183
:10A990000CEA131511EA0C1F00D00CE013EA0C1F8F
:10A9A00000F025804FF0000081EA030101F0004132
:10A9B000F0BCBDE80081F0BCBDE8004181EA0301C4
:10A9C00000F03CBAF0BCBDE8004170B500F0E8F919
:10A9D000097EFC3E00F007B84FF0000081EA030159
:10A9E00001F00041704781EA030100F027BAF0BC92
:10A9F000BDE8004122494FF000007047FFFDFBF920
:10AA0000F7F5F4F2F0EEEDEBE9E8E6E4E3E1E0DEA1
:10AA1000DDDBDAD8D7D5D4D3D1D0CFCDCCCBCAC813
:10AA2000C7C6C5C4C2C1C0BFBEBDBCBBBAB9B8B73A
:10AA3000B6B5B4B3B2B1B0AFAEADACABAAA9A8A82D
:10AA4000A7A6A5A4A3A3A2A1A09F9F9E9D9C9C9BFB
:10AA50009A999998979796959594939392919190A6
:10AA60008F8F8E8E8D8C8C8B8B8A89898888878737
:10AA70008685858484838382828181800000FF07AC
:10AA80000000F87F51EA030C17D41CF5801F58BF53
:10AA9000BCF5801F00F10680994218BF704708BFBF
:10AAA0009042704707D711F5801F58BF13F5801FDC
:10AAB00019D499427047894270471CF5801F08D508
:10AAC000BCF5801FF7D58B4218BF704708BF824284
:10AAD00070474FF4001C1CEB410F38BF1CEB430FB9
:10AAE00001D28B42704770B500F05AF992244900A8
:10AAF0004FF000514FF08053FFF75CBE4FEA410327
:10AB00004FEA5353A3F58063D3F11E03C8BFD3F1BB
:10AB1000210C0CDD4FF0004242EAC12242EA5052C1
:10AB200032FA03FC8CEAE17CACEBE1707047102B4D
:10AB3000C4BF0020704703F5787CBCF1FF3F04D010
:10AB40006FF0004282EA2100704770B500F028F9EA
:10AB50004992248000207047F2E7000051EA030C7C
:10AB600017D41CF5801F58BFBCF5801F00F106806C
:10AB7000994218BF704708BF9042704707D711F538
:10AB8000801F58BF13F5801F19D49942704789421E
:10AB900070471CF5801F08D5BCF5801FF7D58B4288
:10ABA00018BF704708BF824270474FF4001C1CEB6F
:10ABB000410F38BF1CEB430F01D28B42704770B579
:10ABC00000F0EEF8922449004FF080514FF000530E
:10ABD000FFF7F0BD51EA030C17D41CF5801F58BFD6
:10ABE000BCF5801F00F10680994218BF704708BF6E
:10ABF0009042704707D711F5801F58BF13F5801F8B
:10AC000019D499427047894270471CF5801F08D5B6
:10AC1000BCF5801FF7D58B4218BF704708BF824232
:10AC200070474FF4001C1CEB410F38BF1CEB430F67
:10AC300001D28B42704770B500F0B2F892244900FF
:10AC40004FF000514FF08053FFF7B4BD70B5DFF8FF
:10AC500048C11CEA111E1EBF1CEA13159EEA0C0F08
:10AC600095EA0C0F00F06F8081EA03044EEAD47E6F
:10AC7000AE4421EA4C1123EA4C1341F4801143F411
:10AC80008013AEF17F7EA1FB024CA0FB0365361959
:10AC900055EB0C05A1FB034C4CF10003A0FB021C7F
:10ACA00016EB0C06654153F10003094218BF46F04C
:10ACB000010613F4007F0BD14FEA03314FEA053050
:10ACC00041EA155140EA165034036FF003020AE0DE
:10ACD0004FEAC3214FEAC52041EA555140EA565098
:10ACE000F4026FF0020202EB2E4201EB025585EAFC
:10ACF000CE710AD05FEA440C18BF24F0004450F132
:10AD0000000041F1000120EAD47040F2FE7C62456F
:10AD100000D270BDA84214BF4FF080444FF04044B1
:10AD2000002E08BF0024BEF1806FA8BFA1F1C04172
:10AD3000BDE8704080F2828001F1C04101F0004125
:10AD40004FF0000070470CEA13159EEA0C0F18BF75
:10AD500095EA0C0F06D081EA030E4FF000000EF0CA
:10AD6000004170BD00F01CF88900013E00F007B8FA
:10AD700000F009B84FEA430C5FEA5C5C08D081EA56
:10AD8000030100F05BB84FEA410C5FEA5C5CF6D16E
:10AD900002494FF0000070470000FF070000F87FF5
:10ADA0000EF1020E2EF0030E5EF8046B364205D44F
:10ADB000012A43EB030515F5001F12D8012841EBCA
:10ADC000010C1CF5001F0CD80ED14FEAD17C0CEB06
:10ADD0004C0C0CF1020C15F5001F08BF4CEBD37C9A
:10ADE00004E04FF0080C01E04FEAD37C0CEB4C057B
:10ADF00026FA05F606F00706B6F1040C06D20EEBAD
:10AE0000860CBDE870404CF0010C6047DFE80CF0A8
:10AE1000090B02024FF00041A1F500214FF00000A4
:10AE200070BD19461046012851EB010418BFD4F536
:10AE3000001484BF002001F0004170BD0808A0F597
:10AE400000114FEA3101704710B591EA030F48BF76
:10AE500083F000433FF50EAC841A71EB030C07D26C
:10AE60008CF0004C121943EB0C03001B61EB0C013E
:10AE70004FEA1154A4EB135CDFF8A4E11EEA430F80
:10AE800018BF9EEA445F00F0B48021EA045123EA2F
:10AE90006E035242C3EB6E0338BF5B1EDCF1200E23
:10AEA00025D322FA0CFE10EB0E0043FA0CFE41EB08
:10AEB0000E01CCF1200E03FA0EFE10EB0E00CCF1C9
:10AEC000200E51F1000129D401EB045112FA0EF2C7
:10AED000BDE8104058BF7047401C1CBFB2F1004F86
:10AEE000704700280CBF491C20F00100704712EB8E
:10AEF000020E43EB030218BF4FF0010E4EEA42026E
:10AF0000ACF1200CDCF11E0E56D943FA0CFE10EB0E
:10AF10000E00CCF11E0E51F1FF31D5D50EF1010E10
:10AF200012FA0EFE404141EB010101EB445C5FEA85
:10AF30005C5C10D901EB045110EBDE7038BFBEF140
:10AF4000004FBDE8104018BF704700280CBF491CD7
:10AF500020F00100704734D24FEAD42C24F400646E
:10AF600011F500111BD0B1FA81F20B3AA41AA41EFC
:10AF7000D2F12003914030FA03F31943904001EBE2
:10AF8000CC7101EB0451002CBDE81040A8BF704704
:10AF900001F1C04101F000414FF000007047B0FAEC
:10AFA00080F310FA03F102D1BDE810407047E41AB3
:10AFB000173C4805C90AE2E701EB0451BDE810401F
:10AFC000704749104FEA300001EB0451BDE81040D2
:10AFD00002E04FF0000170474A0008BF0042F8D07D
:10AFE000B2F5001F28BF704701F000414FF000008C
:10AFF00070479EEA445F07D011EA5E0FBDE810403B
:10B0000004BF002100207047BDE8104070B5FFF775
:10B01000C7FE00BF40DFF63E104683F00041704798
:10B020000000E0FF43004FEAD30C4FEA3C0C4340E2
:10B030001FBF40070CF1605113F0FE4F70471CF02A
:10B04000006F03D10CF00041002070470CF000436A
:10B0500043EA507040EACC0010B500F038F800BF69
:10B06000000000924FEA0001FFF7E8BE4FF00041F8
:10B07000A1F500214FF00000704710B5FFF702FD69
:10B080000CBF0120002010BD10B5FFF7FBFC14BF62
:10B090000120002010BD10B5FFF760FD8CBF01201E
:10B0A000002010BD10B5FFF759FD2CBF0120002076
:10B0B00010BD10B5FFF78EFD94BF0120002010BD1C
:10B0C00010B5FFF787FD34BF0120002010BD0EF141
:10B0D000020E2EF0030E5EF8044B244204D44FEA15
:10B0E0004102B2F17F4F11D84FEA4003B3F17F4FD5
:10B0F0000CD80ED14FEAD07C0CEB4C0C0CF1020CAE
:10B10000B2F17F4F08BF4CEBD17C04E04FF0080C4C
:10B1100001E04FEAD17C0CEB4C0324FA03F404F079
:10B120000704B4F1040C06D20EEB840CBDE8104009
:10B130004CF0010C6047DFE80CF0070802024FF00A
:10B140000040A0F5800010BD0846420018BFD2F1B3
:10B15000807288BF00F0004010BDF1EE100A4FF67B
:10B16000FF71C0F2C03120EA010040F04070E1EE12
:10B17000100A7047FF2141EAD050C00570473031B6
:10B18000323334353637383941424344454640300E
:10B1900058003031323334353637383961626364C0
:10B1A0006566403078000000000000006E83F9A260
:10B1B0002915444ED15727FCC0DD34F5999562DB43
:10B1C0004190433CAB6351FE0000000000000000D2
:10B1D000010203040607080900000000010203043D
:10B1E000010002000400060008000A000C00100024
:10B1F000200040008000000100000100020001006A
:10B20000030001000200010004000100020001002F
:10B21000030001000200010005000100020001001E
:10B22000030001000200010004000100020001000F
:10B2300003000100020001000600010002000100FD
:10B2400003000100020001000400010002000100EF
:10B2500003000100020001000500010002000100DE
:10B2600003000100020001000400010002000100CF
:10B2700003000100020001000700010002000100BC
:10B2800003000100020001000400010002000100AF
:10B29000030001000200010005000100020001009E
:10B2A000030001000200010004000100020001008F
:10B2B000030001000200010006000100020001007D
:10B2C000030001000200010004000100020001006F
:10B2D000030001000200010005000100020001005E
:10B2E000030001000200010004000100020001004F
:10B2F0000300010002000100000000000400000043
:10B300000200000008000000010101030701000025
:10B310000804020408010101464F43006D61696E93
:10B320000068617264206661756C74206F6E2068BD
:10B33000616E646C65720D0A0D0A006861726420AA
:10B340006661756C74206F6E207468726561643A12
:10B350002025730D0A0D0A0046505520616374695B
:10B360007665210D0A007230303A20307825303869
:10B37000780A007230313A203078253038780A0067
:10B380007230323A203078253038780A0072303303
:10B390003A203078253038780A007230343A20303C
:10B3A00078253038780A007073723A20307825306A
:10B3B00038780A0091A0000889A0000885A000083C
:10B3C0008DA00008E8B300080000002098000000ED
:10B3D0003C02000880B40008980000200020000013
:10B3E0005C020008000000009A99193FCDCCCC3DCA
:10B3F0001000000001000000F80700002008000015
:10B40000340800000000003F51491D3A00401C462E
:10B410000000C03F51491D3A0000FA440AD7A33B3F
:10B4200017B7D13800409C45000000417012033B23
:10B430000050C3470024F400CDCCCC3D01000000F7
:10B440005800002058000020780000000200000092
:10B4500068000020680000202000000006000000B6
:10B460007800002078000020340000000A0000006E
:10B4700088000020880000202C0000000000000050
:04000005080001D915
:00000001FF
